ID,Organization,Category,Headquarters,Region,Africa Presence,Fit Priority,Remote Indicator,Visa Indicator,Career URL,Suggested Roles
1,United Nations Secretariat,UN & Multilateral,"New York, USA",Global,Yes,High,Limited / role-dependent,Possible for selected roles,https://careers.un.org/,ICT Manager | Enterprise Architect | Digital Transformation | Programme Technology | Data & Analytics
2,UNDP,UN & Multilateral,"New York, USA",Global,Yes,High,Limited / role-dependent,Possible for selected roles,https://www.undp.org/careers,ICT Manager | Enterprise Architect | Digital Transformation | Programme Technology | Data & Analytics
3,UNICEF,UN & Multilateral,"New York, USA",Global,Yes,High,Limited / role-dependent,Possible for selected roles,https://www.unicef.org/careers,ICT Manager | Enterprise Architect | Digital Transformation | Programme Technology | Data & Analytics
4,UNOPS,UN & Multilateral,"Copenhagen, Denmark",Global,Yes,High,Limited / role-dependent,Possible for selected roles,https://jobs.unops.org/,ICT Manager | Enterprise Architect | Digital Transformation | Programme Technology | Data & Analytics
5,UNHCR,UN & Multilateral,"Geneva, Switzerland",Global,Yes,High,Limited / role-dependent,Possible for selected roles,https://www.unhcr.org/careers,ICT Manager | Enterprise Architect | Digital Transformation | Programme Technology | Data & Analytics
6,World Food Programme,UN & Multilateral,"Rome, Italy",Global,Yes,High,Limited / role-dependent,Possible for selected roles,https://www.wfp.org/careers,ICT Manager | Enterprise Architect | Digital Transformation | Programme Technology | Data & Analytics
7,World Health Organization,UN & Multilateral,"Geneva, Switzerland",Global,Yes,High,Limited / role-dependent,Possible for selected roles,https://www.who.int/careers,ICT Manager | Enterprise Architect | Digital Transformation | Programme Technology | Data & Analytics
8,International Organization for Migration,UN & Multilateral,"Geneva, Switzerland",Global,Yes,High,Limited / role-dependent,Possible for selected roles,https://www.iom.int/careers,ICT Manager | Enterprise Architect | Digital Transformation | Programme Technology | Data & Analytics
9,UNFPA,UN & Multilateral,"New York, USA",Global,Yes,High,Limited / role-dependent,Possible for selected roles,https://www.unfpa.org/jobs,ICT Manager | Enterprise Architect | Digital Transformation | Programme Technology | Data & Analytics
10,FAO,UN & Multilateral,"Rome, Italy",Global,Yes,High,Limited / role-dependent,Possible for selected roles,https://www.fao.org/employment/en/,ICT Manager | Enterprise Architect | Digital Transformation | Programme Technology | Data & Analytics
11,UNESCO,UN & Multilateral,"Paris, France",Global,Yes,High,Limited / role-dependent,Possible for selected roles,https://careers.unesco.org/,ICT Manager | Enterprise Architect | Digital Transformation | Programme Technology | Data & Analytics
12,International Labour Organization,UN & Multilateral,"Geneva, Switzerland",Global,Yes,High,Limited / role-dependent,Possible for selected roles,https://jobs.ilo.org/,ICT Manager | Enterprise Architect | Digital Transformation | Programme Technology | Data & Analytics
13,UN Women,UN & Multilateral,"New York, USA",Global,Yes,High,Limited / role-dependent,Possible for selected roles,https://www.unwomen.org/en/about-us/employment,ICT Manager | Enterprise Architect | Digital Transformation | Programme Technology | Data & Analytics
14,UN Environment Programme,UN & Multilateral,"Nairobi, Kenya",Africa,Yes,High,Limited / role-dependent,Possible for selected roles,https://www.unep.org/work-with-us,ICT Manager | Enterprise Architect | Digital Transformation | Programme Technology | Data & Analytics
15,UN-Habitat,UN & Multilateral,"Nairobi, Kenya",Africa,Yes,High,Limited / role-dependent,Possible for selected roles,https://unhabitat.org/join-us,ICT Manager | Enterprise Architect | Digital Transformation | Programme Technology | Data & Analytics
16,UNIDO,UN & Multilateral,"Vienna, Austria",Global,Yes,High,Limited / role-dependent,Possible for selected roles,https://careers.unido.org/,ICT Manager | Enterprise Architect | Digital Transformation | Programme Technology | Data & Analytics
17,UNRWA,UN & Multilateral,"Amman, Jordan",Middle East,Yes,High,Limited / role-dependent,Possible for selected roles,https://careers.unrwa.org/,ICT Manager | Enterprise Architect | Digital Transformation | Programme Technology | Data & Analytics
18,UNODC,UN & Multilateral,"Vienna, Austria",Global,Yes,High,Limited / role-dependent,Possible for selected roles,https://www.unodc.org/unodc/en/about-unodc/employment-opportunities.html,ICT Manager | Enterprise Architect | Digital Transformation | Programme Technology | Data & Analytics
19,UNCDF,UN & Multilateral,"New York, USA",Global,Yes,High,Limited / role-dependent,Possible for selected roles,https://www.uncdf.org/careers,ICT Manager | Enterprise Architect | Digital Transformation | Programme Technology | Data & Analytics
20,International Telecommunication Union,UN & Multilateral,"Geneva, Switzerland",Global,Yes,High,Limited / role-dependent,Possible for selected roles,https://www.itu.int/en/careers/,ICT Manager | Enterprise Architect | Digital Transformation | Programme Technology | Data & Analytics
21,WIPO,UN & Multilateral,"Geneva, Switzerland",Global,Yes,High,Limited / role-dependent,Possible for selected roles,https://www.wipo.int/jobs/en/,ICT Manager | Enterprise Architect | Digital Transformation | Programme Technology | Data & Analytics
22,IAEA,UN & Multilateral,"Vienna, Austria",Global,Yes,High,Limited / role-dependent,Possible for selected roles,https://www.iaea.org/about/employment,ICT Manager | Enterprise Architect | Digital Transformation | Programme Technology | Data & Analytics
23,International Maritime Organization,UN & Multilateral,"London, UK",Global,Yes,High,Limited / role-dependent,Possible for selected roles,https://www.imo.org/en/About/CareersAtIMO/Pages/Default.aspx,ICT Manager | Enterprise Architect | Digital Transformation | Programme Technology | Data & Analytics
24,UN Volunteers,UN & Multilateral,"Bonn, Germany",Global,Yes,High,Limited / role-dependent,Possible for selected roles,https://www.unv.org/become-volunteer,ICT Manager | Enterprise Architect | Digital Transformation | Programme Technology | Data & Analytics
25,UN Tourism,UN & Multilateral,"Madrid, Spain",Global,Yes,High,Limited / role-dependent,Possible for selected roles,https://www.unwto.org/employment,ICT Manager | Enterprise Architect | Digital Transformation | Programme Technology | Data & Analytics
26,UNCTAD,UN & Multilateral,"Geneva, Switzerland",Global,Yes,High,Limited / role-dependent,Possible for selected roles,https://unctad.org/about/careers,ICT Manager | Enterprise Architect | Digital Transformation | Programme Technology | Data & Analytics
27,UN Economic Commission for Africa,UN & Multilateral,"Addis Ababa, Ethiopia",Africa,Yes,High,Limited / role-dependent,Possible for selected roles,https://www.uneca.org/careers,ICT Manager | Enterprise Architect | Digital Transformation | Programme Technology | Data & Analytics
28,African Union,UN & Multilateral,"Addis Ababa, Ethiopia",Africa,Yes,High,Limited / role-dependent,Possible for selected roles,https://careers.au.int/,ICT Manager | Enterprise Architect | Digital Transformation | Programme Technology | Data & Analytics
29,AUDA-NEPAD,UN & Multilateral,"Midrand, South Africa",Africa,Yes,High,Limited / role-dependent,Possible for selected roles,https://www.nepad.org/careers,ICT Manager | Enterprise Architect | Digital Transformation | Programme Technology | Data & Analytics
30,European Commission,UN & Multilateral,"Brussels, Belgium",Europe,Yes,High,Limited / role-dependent,Possible for selected roles,https://commission.europa.eu/jobs-european-commission_en,ICT Manager | Enterprise Architect | Digital Transformation | Programme Technology | Data & Analytics
31,European External Action Service,UN & Multilateral,"Brussels, Belgium",Global,Yes,High,Limited / role-dependent,Possible for selected roles,https://www.eeas.europa.eu/eeas/vacancies_en,ICT Manager | Enterprise Architect | Digital Transformation | Programme Technology | Data & Analytics
32,OECD,UN & Multilateral,"Paris, France",Global,Yes,High,Limited / role-dependent,Possible for selected roles,https://www.oecd.org/careers/,ICT Manager | Enterprise Architect | Digital Transformation | Programme Technology | Data & Analytics
33,World Trade Organization,UN & Multilateral,"Geneva, Switzerland",Global,Yes,High,Limited / role-dependent,Possible for selected roles,https://www.wto.org/english/thewto_e/vacan_e/vacan_e.htm,ICT Manager | Enterprise Architect | Digital Transformation | Programme Technology | Data & Analytics
34,Commonwealth Secretariat,UN & Multilateral,"London, UK",Global,Yes,High,Limited / role-dependent,Possible for selected roles,https://thecommonwealth.org/jobs,ICT Manager | Enterprise Architect | Digital Transformation | Programme Technology | Data & Analytics
35,Council of Europe,UN & Multilateral,"Strasbourg, France",Europe,Yes,High,Limited / role-dependent,Possible for selected roles,https://www.coe.int/en/web/jobs,ICT Manager | Enterprise Architect | Digital Transformation | Programme Technology | Data & Analytics
36,INTERPOL,UN & Multilateral,"Lyon, France",Global,Yes,High,Limited / role-dependent,Possible for selected roles,https://www.interpol.int/What-you-can-do/Careers,ICT Manager | Enterprise Architect | Digital Transformation | Programme Technology | Data & Analytics
37,NATO,UN & Multilateral,"Brussels, Belgium",Global,Yes,High,Limited / role-dependent,Possible for selected roles,https://www.nato.int/cps/en/natohq/recruit-wide.htm,ICT Manager | Enterprise Architect | Digital Transformation | Programme Technology | Data & Analytics
38,Organization of Islamic Cooperation,UN & Multilateral,"Jeddah, Saudi Arabia",Middle East,Yes,High,Limited / role-dependent,Possible for selected roles,https://www.oic-oci.org/page/?p_id=171&p_ref=59&lan=en,ICT Manager | Enterprise Architect | Digital Transformation | Programme Technology | Data & Analytics
39,International Federation of Red Cross and Red Crescent Societies,UN & Multilateral,"Geneva, Switzerland",Global,Yes,High,Limited / role-dependent,Possible for selected roles,https://www.ifrc.org/jobs,ICT Manager | Enterprise Architect | Digital Transformation | Programme Technology | Data & Analytics
40,International Committee of the Red Cross,UN & Multilateral,"Geneva, Switzerland",Global,Yes,High,Limited / role-dependent,Possible for selected roles,https://careers.icrc.org/,ICT Manager | Enterprise Architect | Digital Transformation | Programme Technology | Data & Analytics
41,World Bank Group,Development Banks & Finance,"Washington, DC, USA",Global,Yes,High,Limited / role-dependent,Possible for selected roles,https://www.worldbank.org/en/about/careers,Enterprise Architecture | IT Governance | Digital Banking | Cybersecurity | Data Platforms
42,International Finance Corporation,Development Banks & Finance,"Washington, DC, USA",Global,Yes,High,Limited / role-dependent,Possible for selected roles,https://www.ifc.org/en/about/careers,Enterprise Architecture | IT Governance | Digital Banking | Cybersecurity | Data Platforms
43,Multilateral Investment Guarantee Agency,Development Banks & Finance,"Washington, DC, USA",Global,Yes,High,Limited / role-dependent,Possible for selected roles,https://www.miga.org/careers,Enterprise Architecture | IT Governance | Digital Banking | Cybersecurity | Data Platforms
44,African Development Bank,Development Banks & Finance,"Abidjan, Côte d’Ivoire",Africa,Yes,High,Limited / role-dependent,Possible for selected roles,https://www.afdb.org/en/about-us/careers,Enterprise Architecture | IT Governance | Digital Banking | Cybersecurity | Data Platforms
45,African Export-Import Bank,Development Banks & Finance,"Cairo, Egypt",Africa,Yes,High,Limited / role-dependent,Possible for selected roles,https://www.afreximbank.com/careers/,Enterprise Architecture | IT Governance | Digital Banking | Cybersecurity | Data Platforms
46,Africa Finance Corporation,Development Banks & Finance,"Lagos, Nigeria",Africa,Yes,High,Limited / role-dependent,Possible for selected roles,https://www.africafc.org/careers,Enterprise Architecture | IT Governance | Digital Banking | Cybersecurity | Data Platforms
47,Trade and Development Bank Group,Development Banks & Finance,"Nairobi, Kenya",Africa,Yes,High,Limited / role-dependent,Possible for selected roles,https://www.tdbgroup.org/careers/,Enterprise Architecture | IT Governance | Digital Banking | Cybersecurity | Data Platforms
48,Development Bank of Southern Africa,Development Banks & Finance,"Midrand, South Africa",Africa,Yes,High,Limited / role-dependent,Possible for selected roles,https://www.dbsa.org/careers,Enterprise Architecture | IT Governance | Digital Banking | Cybersecurity | Data Platforms
49,European Bank for Reconstruction and Development,Development Banks & Finance,"London, UK",Global,Yes,High,Limited / role-dependent,Possible for selected roles,https://www.ebrd.com/careers.html,Enterprise Architecture | IT Governance | Digital Banking | Cybersecurity | Data Platforms
50,European Investment Bank,Development Banks & Finance,Luxembourg,Global,Yes,High,Limited / role-dependent,Possible for selected roles,https://www.eib.org/en/about/careers/index,Enterprise Architecture | IT Governance | Digital Banking | Cybersecurity | Data Platforms
51,Asian Development Bank,Development Banks & Finance,"Manila, Philippines",Asia,Yes,High,Limited / role-dependent,Possible for selected roles,https://www.adb.org/work-with-us/careers,Enterprise Architecture | IT Governance | Digital Banking | Cybersecurity | Data Platforms
52,Asian Infrastructure Investment Bank,Development Banks & Finance,"Beijing, China",Asia,Yes,High,Limited / role-dependent,Possible for selected roles,https://www.aiib.org/en/opportunities/career/index.html,Enterprise Architecture | IT Governance | Digital Banking | Cybersecurity | Data Platforms
53,Inter-American Development Bank,Development Banks & Finance,"Washington, DC, USA",Americas,Yes,High,Limited / role-dependent,Possible for selected roles,https://www.iadb.org/en/careers,Enterprise Architecture | IT Governance | Digital Banking | Cybersecurity | Data Platforms
54,Islamic Development Bank,Development Banks & Finance,"Jeddah, Saudi Arabia",Global,Yes,High,Limited / role-dependent,Possible for selected roles,https://www.isdb.org/careers,Enterprise Architecture | IT Governance | Digital Banking | Cybersecurity | Data Platforms
55,New Development Bank,Development Banks & Finance,"Shanghai, China",Global,Yes,High,Limited / role-dependent,Possible for selected roles,https://www.ndb.int/career/,Enterprise Architecture | IT Governance | Digital Banking | Cybersecurity | Data Platforms
56,International Monetary Fund,Development Banks & Finance,"Washington, DC, USA",Global,Yes,High,Limited / role-dependent,Possible for selected roles,https://www.imf.org/en/About/Recruitment,Enterprise Architecture | IT Governance | Digital Banking | Cybersecurity | Data Platforms
57,Bank for International Settlements,Development Banks & Finance,"Basel, Switzerland",Global,Yes,High,Limited / role-dependent,Possible for selected roles,https://www.bis.org/careers/index.htm,Enterprise Architecture | IT Governance | Digital Banking | Cybersecurity | Data Platforms
58,European Central Bank,Development Banks & Finance,"Frankfurt, Germany",Europe,Yes,High,Limited / role-dependent,Possible for selected roles,https://www.ecb.europa.eu/careers/html/index.en.html,Enterprise Architecture | IT Governance | Digital Banking | Cybersecurity | Data Platforms
59,Central Bank of Egypt,Development Banks & Finance,"Cairo, Egypt",Middle East,Yes,High,Limited / role-dependent,Possible for selected roles,https://www.cbe.org.eg/en/careers,Enterprise Architecture | IT Governance | Digital Banking | Cybersecurity | Data Platforms
60,Arab African International Bank,Development Banks & Finance,"Cairo, Egypt",Middle East,Yes,High,Limited / role-dependent,Possible for selected roles,https://www.aaib.com/careers,Enterprise Architecture | IT Governance | Digital Banking | Cybersecurity | Data Platforms
61,Banque Misr,Development Banks & Finance,"Cairo, Egypt",Middle East,Yes,High,Limited / role-dependent,Possible for selected roles,https://www.banquemisr.com/en/Home/ABOUT-US/Careers,Enterprise Architecture | IT Governance | Digital Banking | Cybersecurity | Data Platforms
62,Commercial International Bank Egypt,Development Banks & Finance,"Cairo, Egypt",Middle East,Yes,High,Limited / role-dependent,Possible for selected roles,https://www.cibeg.com/en/careers,Enterprise Architecture | IT Governance | Digital Banking | Cybersecurity | Data Platforms
63,QNB Group,Development Banks & Finance,"Doha, Qatar",Middle East,Yes,High,Limited / role-dependent,Possible for selected roles,https://www.qnb.com/sites/qnb/qnbglobal/page/en/encareers.html,Enterprise Architecture | IT Governance | Digital Banking | Cybersecurity | Data Platforms
64,Standard Chartered,Development Banks & Finance,"London, UK",Global,Yes,High,Limited / role-dependent,Possible for selected roles,https://www.sc.com/en/global-careers/,Enterprise Architecture | IT Governance | Digital Banking | Cybersecurity | Data Platforms
65,HSBC,Development Banks & Finance,"London, UK",Global,Yes,High,Limited / role-dependent,Possible for selected roles,https://www.hsbc.com/careers,Enterprise Architecture | IT Governance | Digital Banking | Cybersecurity | Data Platforms
66,Médecins Sans Frontières,International NGOs,"Geneva, Switzerland",Global,Yes,Medium,Limited / role-dependent,Role and location dependent,https://www.msf.org/work-msf,Information Systems Manager | ICT4D | ERP/CRM | Digital Transformation | Technical Operations
67,CARE International,International NGOs,"Geneva, Switzerland",Global,Yes,Medium,Limited / role-dependent,Role and location dependent,https://www.care-international.org/jobs,Information Systems Manager | ICT4D | ERP/CRM | Digital Transformation | Technical Operations
68,International Rescue Committee,International NGOs,"New York, USA",Global,Yes,Medium,Limited / role-dependent,Role and location dependent,https://careers.rescue.org/,Information Systems Manager | ICT4D | ERP/CRM | Digital Transformation | Technical Operations
69,Norwegian Refugee Council,International NGOs,"Oslo, Norway",Global,Yes,Medium,Limited / role-dependent,Role and location dependent,https://www.nrc.no/careers/,Information Systems Manager | ICT4D | ERP/CRM | Digital Transformation | Technical Operations
70,Danish Refugee Council,International NGOs,"Copenhagen, Denmark",Global,Yes,Medium,Limited / role-dependent,Role and location dependent,https://job.drc.ngo/,Information Systems Manager | ICT4D | ERP/CRM | Digital Transformation | Technical Operations
71,Save the Children International,International NGOs,"London, UK",Global,Yes,Medium,Limited / role-dependent,Role and location dependent,https://jobs.savethechildren.net/,Information Systems Manager | ICT4D | ERP/CRM | Digital Transformation | Technical Operations
72,World Vision International,International NGOs,"London, UK",Global,Yes,Medium,Limited / role-dependent,Role and location dependent,https://www.wvi.org/careers,Information Systems Manager | ICT4D | ERP/CRM | Digital Transformation | Technical Operations
73,Oxfam International,International NGOs,"Nairobi, Kenya",Global,Yes,Medium,Limited / role-dependent,Role and location dependent,https://www.oxfam.org/en/take-action/jobs,Information Systems Manager | ICT4D | ERP/CRM | Digital Transformation | Technical Operations
74,Mercy Corps,International NGOs,"Portland, USA",Global,Yes,Medium,Limited / role-dependent,Role and location dependent,https://www.mercycorps.org/careers,Information Systems Manager | ICT4D | ERP/CRM | Digital Transformation | Technical Operations
75,Catholic Relief Services,International NGOs,"Baltimore, USA",Global,Yes,Medium,Limited / role-dependent,Role and location dependent,https://www.crs.org/about/careers,Information Systems Manager | ICT4D | ERP/CRM | Digital Transformation | Technical Operations
76,Action Against Hunger,International NGOs,"Paris, France",Global,Yes,Medium,Limited / role-dependent,Role and location dependent,https://www.actionagainsthunger.org/careers/,Information Systems Manager | ICT4D | ERP/CRM | Digital Transformation | Technical Operations
77,ACTED,International NGOs,"Paris, France",Global,Yes,Medium,Limited / role-dependent,Role and location dependent,https://www.acted.org/en/join-us/,Information Systems Manager | ICT4D | ERP/CRM | Digital Transformation | Technical Operations
78,International Medical Corps,International NGOs,"Los Angeles, USA",Global,Yes,Medium,Limited / role-dependent,Role and location dependent,https://careers.internationalmedicalcorps.org/,Information Systems Manager | ICT4D | ERP/CRM | Digital Transformation | Technical Operations
79,Relief International,International NGOs,"Washington, DC, USA",Global,Yes,Medium,Limited / role-dependent,Role and location dependent,https://www.ri.org/careers/,Information Systems Manager | ICT4D | ERP/CRM | Digital Transformation | Technical Operations
80,Islamic Relief Worldwide,International NGOs,"Birmingham, UK",Global,Yes,Medium,Limited / role-dependent,Role and location dependent,https://www.islamic-relief.org.uk/about-us/jobs/,Information Systems Manager | ICT4D | ERP/CRM | Digital Transformation | Technical Operations
81,Tearfund,International NGOs,"Teddington, UK",Global,Yes,Medium,Limited / role-dependent,Role and location dependent,https://www.tearfund.org/about-us/jobs,Information Systems Manager | ICT4D | ERP/CRM | Digital Transformation | Technical Operations
82,Medair,International NGOs,"Ecublens, Switzerland",Global,Yes,Medium,Limited / role-dependent,Role and location dependent,https://www.medair.org/jobs,Information Systems Manager | ICT4D | ERP/CRM | Digital Transformation | Technical Operations
83,HIAS,International NGOs,"Silver Spring, USA",Global,Yes,Medium,Limited / role-dependent,Role and location dependent,https://hias.org/careers/,Information Systems Manager | ICT4D | ERP/CRM | Digital Transformation | Technical Operations
84,Sightsavers,International NGOs,"Haywards Heath, UK",Global,Yes,Medium,Limited / role-dependent,Role and location dependent,https://www.sightsavers.org/jobs/,Information Systems Manager | ICT4D | ERP/CRM | Digital Transformation | Technical Operations
85,CBM Global Disability Inclusion,International NGOs,"Bensheim, Germany",Global,Yes,Medium,Limited / role-dependent,Role and location dependent,https://cbm-global.org/careers,Information Systems Manager | ICT4D | ERP/CRM | Digital Transformation | Technical Operations
86,Habitat for Humanity International,International NGOs,"Atlanta, USA",Global,Yes,Medium,Limited / role-dependent,Role and location dependent,https://www.habitat.org/about/careers,Information Systems Manager | ICT4D | ERP/CRM | Digital Transformation | Technical Operations
87,Practical Action,International NGOs,"Rugby, UK",Global,Yes,Medium,Limited / role-dependent,Role and location dependent,https://practicalaction.org/careers/,Information Systems Manager | ICT4D | ERP/CRM | Digital Transformation | Technical Operations
88,Plan International,International NGOs,"Woking, UK",Global,Yes,Medium,Limited / role-dependent,Role and location dependent,https://jobs.plan-international.org/,Information Systems Manager | ICT4D | ERP/CRM | Digital Transformation | Technical Operations
89,Concern Worldwide,International NGOs,"Dublin, Ireland",Global,Yes,Medium,Limited / role-dependent,Role and location dependent,https://jobs.concern.net/,Information Systems Manager | ICT4D | ERP/CRM | Digital Transformation | Technical Operations
90,GOAL,International NGOs,"Dublin, Ireland",Global,Yes,Medium,Limited / role-dependent,Role and location dependent,https://www.goalglobal.org/careers/,Information Systems Manager | ICT4D | ERP/CRM | Digital Transformation | Technical Operations
91,Welthungerhilfe,International NGOs,"Bonn, Germany",Global,Yes,Medium,Limited / role-dependent,Role and location dependent,https://www.welthungerhilfe.org/about-us/jobs,Information Systems Manager | ICT4D | ERP/CRM | Digital Transformation | Technical Operations
92,People in Need,International NGOs,"Prague, Czechia",Global,Yes,Medium,Limited / role-dependent,Role and location dependent,https://www.peopleinneed.net/career,Information Systems Manager | ICT4D | ERP/CRM | Digital Transformation | Technical Operations
93,Norwegian Church Aid,International NGOs,"Oslo, Norway",Global,Yes,Medium,Limited / role-dependent,Role and location dependent,https://www.kirkensnodhjelp.no/en/about-nca/work-with-us/,Information Systems Manager | ICT4D | ERP/CRM | Digital Transformation | Technical Operations
94,Finn Church Aid,International NGOs,"Helsinki, Finland",Global,Yes,Medium,Limited / role-dependent,Role and location dependent,https://www.kirkonulkomaanapu.fi/en/work-with-us/,Information Systems Manager | ICT4D | ERP/CRM | Digital Transformation | Technical Operations
95,Swisscontact,International NGOs,"Zurich, Switzerland",Global,Yes,Medium,Limited / role-dependent,Role and location dependent,https://www.swisscontact.org/en/about-us/jobs,Information Systems Manager | ICT4D | ERP/CRM | Digital Transformation | Technical Operations
96,Helvetas,International NGOs,"Zurich, Switzerland",Global,Yes,Medium,Limited / role-dependent,Role and location dependent,https://www.helvetas.org/en/switzerland/who-we-are/jobs,Information Systems Manager | ICT4D | ERP/CRM | Digital Transformation | Technical Operations
97,TechnoServe,International NGOs,"Arlington, USA",Global,Yes,Medium,Limited / role-dependent,Role and location dependent,https://www.technoserve.org/careers/,Information Systems Manager | ICT4D | ERP/CRM | Digital Transformation | Technical Operations
98,One Acre Fund,International NGOs,"Kigali, Rwanda",Africa,Yes,Medium,Limited / role-dependent,Role and location dependent,https://oneacrefund.org/careers,Information Systems Manager | ICT4D | ERP/CRM | Digital Transformation | Technical Operations
99,BRAC,International NGOs,"Dhaka, Bangladesh",Global,Yes,Medium,Limited / role-dependent,Role and location dependent,https://careers.brac.net/,Information Systems Manager | ICT4D | ERP/CRM | Digital Transformation | Technical Operations
100,Pact,International NGOs,"Washington, DC, USA",Global,Yes,Medium,Limited / role-dependent,Role and location dependent,https://www.pactworld.org/careers,Information Systems Manager | ICT4D | ERP/CRM | Digital Transformation | Technical Operations
101,Winrock International,International NGOs,"Arlington, USA",Global,Yes,Medium,Limited / role-dependent,Role and location dependent,https://winrock.org/careers/,Information Systems Manager | ICT4D | ERP/CRM | Digital Transformation | Technical Operations
102,FHI 360,International NGOs,"Durham, USA",Global,Yes,Medium,Limited / role-dependent,Role and location dependent,https://www.fhi360.org/careers,Information Systems Manager | ICT4D | ERP/CRM | Digital Transformation | Technical Operations
103,Jhpiego,International NGOs,"Baltimore, USA",Global,Yes,Medium,Limited / role-dependent,Role and location dependent,https://www.jhpiego.org/careers/,Information Systems Manager | ICT4D | ERP/CRM | Digital Transformation | Technical Operations
104,Management Sciences for Health,International NGOs,"Arlington, USA",Global,Yes,Medium,Limited / role-dependent,Role and location dependent,https://msh.org/careers/,Information Systems Manager | ICT4D | ERP/CRM | Digital Transformation | Technical Operations
105,Population Services International,International NGOs,"Washington, DC, USA",Global,Yes,Medium,Limited / role-dependent,Role and location dependent,https://www.psi.org/careers/,Information Systems Manager | ICT4D | ERP/CRM | Digital Transformation | Technical Operations
106,Abt Global,International NGOs,"Rockville, USA",Global,Yes,Medium,Limited / role-dependent,Role and location dependent,https://www.abtglobal.com/careers,Information Systems Manager | ICT4D | ERP/CRM | Digital Transformation | Technical Operations
107,Chemonics International,International NGOs,"Washington, DC, USA",Global,Yes,Medium,Limited / role-dependent,Role and location dependent,https://www.chemonics.com/careers/,Information Systems Manager | ICT4D | ERP/CRM | Digital Transformation | Technical Operations
108,DAI,International NGOs,"Bethesda, USA",Global,Yes,Medium,Limited / role-dependent,Role and location dependent,https://www.dai.com/careers,Information Systems Manager | ICT4D | ERP/CRM | Digital Transformation | Technical Operations
109,Palladium,International NGOs,"London, UK",Global,Yes,Medium,Limited / role-dependent,Role and location dependent,https://thepalladiumgroup.com/careers,Information Systems Manager | ICT4D | ERP/CRM | Digital Transformation | Technical Operations
110,RTI International,International NGOs,"Research Triangle Park, USA",Global,Yes,Medium,Limited / role-dependent,Role and location dependent,https://www.rti.org/careers,Information Systems Manager | ICT4D | ERP/CRM | Digital Transformation | Technical Operations
111,PATH,Global Health & Healthcare,"Seattle, USA",Global,Yes,High,Limited / role-dependent,Role and location dependent,https://www.path.org/jobs/,Health Information Systems | Digital Health | Interoperability | Enterprise Systems | Data Platforms
112,Clinton Health Access Initiative,Global Health & Healthcare,"Boston, USA",Global,Yes,High,Limited / role-dependent,Role and location dependent,https://www.clintonhealthaccess.org/careers,Health Information Systems | Digital Health | Interoperability | Enterprise Systems | Data Platforms
113,"Gavi, the Vaccine Alliance",Global Health & Healthcare,"Geneva, Switzerland",Global,Yes,High,Limited / role-dependent,Role and location dependent,https://www.gavi.org/our-alliance/careers,Health Information Systems | Digital Health | Interoperability | Enterprise Systems | Data Platforms
114,The Global Fund,Global Health & Healthcare,"Geneva, Switzerland",Global,Yes,High,Limited / role-dependent,Role and location dependent,https://www.theglobalfund.org/en/careers/,Health Information Systems | Digital Health | Interoperability | Enterprise Systems | Data Platforms
115,Unitaid,Global Health & Healthcare,"Geneva, Switzerland",Global,Yes,High,Limited / role-dependent,Role and location dependent,https://unitaid.org/vacancies/,Health Information Systems | Digital Health | Interoperability | Enterprise Systems | Data Platforms
116,CEPI,Global Health & Healthcare,"Oslo, Norway",Global,Yes,High,Limited / role-dependent,Role and location dependent,https://cepi.net/careers,Health Information Systems | Digital Health | Interoperability | Enterprise Systems | Data Platforms
117,FIND,Global Health & Healthcare,"Geneva, Switzerland",Global,Yes,High,Limited / role-dependent,Role and location dependent,https://www.finddx.org/careers/,Health Information Systems | Digital Health | Interoperability | Enterprise Systems | Data Platforms
118,DNDi,Global Health & Healthcare,"Geneva, Switzerland",Global,Yes,High,Limited / role-dependent,Role and location dependent,https://dndi.org/about/jobs/,Health Information Systems | Digital Health | Interoperability | Enterprise Systems | Data Platforms
119,Partners In Health,Global Health & Healthcare,"Boston, USA",Global,Yes,High,Limited / role-dependent,Role and location dependent,https://www.pih.org/pages/employment,Health Information Systems | Digital Health | Interoperability | Enterprise Systems | Data Platforms
120,Last Mile Health,Global Health & Healthcare,"Boston, USA",Africa,Yes,High,Limited / role-dependent,Role and location dependent,https://lastmilehealth.org/careers/,Health Information Systems | Digital Health | Interoperability | Enterprise Systems | Data Platforms
121,Elizabeth Glaser Pediatric AIDS Foundation,Global Health & Healthcare,"Washington, DC, USA",Africa,Yes,High,Limited / role-dependent,Role and location dependent,https://pedaids.org/about/careers/,Health Information Systems | Digital Health | Interoperability | Enterprise Systems | Data Platforms
122,Resolve to Save Lives,Global Health & Healthcare,"New York, USA",Global,Yes,High,Limited / role-dependent,Role and location dependent,https://resolvetosavelives.org/about/careers,Health Information Systems | Digital Health | Interoperability | Enterprise Systems | Data Platforms
123,Amref Health Africa,Global Health & Healthcare,"Nairobi, Kenya",Africa,Yes,High,Limited / role-dependent,Role and location dependent,https://amref.org/careers/,Health Information Systems | Digital Health | Interoperability | Enterprise Systems | Data Platforms
124,Africa CDC,Global Health & Healthcare,"Addis Ababa, Ethiopia",Africa,Yes,High,Limited / role-dependent,Role and location dependent,https://africacdc.org/careers/,Health Information Systems | Digital Health | Interoperability | Enterprise Systems | Data Platforms
125,eHealth Africa,Global Health & Healthcare,"Kano, Nigeria",Africa,Yes,High,Limited / role-dependent,Role and location dependent,https://www.ehealthafrica.org/careers,Health Information Systems | Digital Health | Interoperability | Enterprise Systems | Data Platforms
126,IntraHealth International,Global Health & Healthcare,"Chapel Hill, USA",Africa,Yes,High,Limited / role-dependent,Role and location dependent,https://www.intrahealth.org/careers,Health Information Systems | Digital Health | Interoperability | Enterprise Systems | Data Platforms
127,VillageReach,Global Health & Healthcare,"Seattle, USA",Africa,Yes,High,Limited / role-dependent,Role and location dependent,https://www.villagereach.org/careers/,Health Information Systems | Digital Health | Interoperability | Enterprise Systems | Data Platforms
128,Medic,Global Health & Healthcare,"San Francisco, USA",Global,Yes,High,Limited / role-dependent,Role and location dependent,https://medic.org/careers/,Health Information Systems | Digital Health | Interoperability | Enterprise Systems | Data Platforms
129,Dimagi,Global Health & Healthcare,"Cambridge, USA",Global,Yes,High,Limited / role-dependent,Role and location dependent,https://dimagi.com/careers/,Health Information Systems | Digital Health | Interoperability | Enterprise Systems | Data Platforms
130,OpenMRS,Global Health & Healthcare,Global,Global,Yes,High,Limited / role-dependent,Role and location dependent,https://openmrs.org/careers/,Health Information Systems | Digital Health | Interoperability | Enterprise Systems | Data Platforms
131,DHIS2 / HISP Centre,Global Health & Healthcare,"Oslo, Norway",Global,Yes,High,Limited / role-dependent,Role and location dependent,https://dhis2.org/careers/,Health Information Systems | Digital Health | Interoperability | Enterprise Systems | Data Platforms
132,OpenHIE,Global Health & Healthcare,Global,Global,Yes,High,Limited / role-dependent,Role and location dependent,https://ohie.org/,Health Information Systems | Digital Health | Interoperability | Enterprise Systems | Data Platforms
133,OpenLMIS,Global Health & Healthcare,Global,Global,Yes,High,Limited / role-dependent,Role and location dependent,https://openlmis.org/,Health Information Systems | Digital Health | Interoperability | Enterprise Systems | Data Platforms
134,Bahmni,Global Health & Healthcare,Global,Global,Yes,High,Limited / role-dependent,Role and location dependent,https://www.bahmni.org/,Health Information Systems | Digital Health | Interoperability | Enterprise Systems | Data Platforms
135,InterSystems,Global Health & Healthcare,"Cambridge, USA",Global,Yes,High,Limited / role-dependent,Role and location dependent,https://www.intersystems.com/careers/,Health Information Systems | Digital Health | Interoperability | Enterprise Systems | Data Platforms
136,Epic Systems,Global Health & Healthcare,"Verona, USA",Global,Yes,High,Limited / role-dependent,Role and location dependent,https://careers.epic.com/,Health Information Systems | Digital Health | Interoperability | Enterprise Systems | Data Platforms
137,Oracle Health,Global Health & Healthcare,"Austin, USA",Global,Yes,High,Limited / role-dependent,Role and location dependent,https://careers.oracle.com/,Health Information Systems | Digital Health | Interoperability | Enterprise Systems | Data Platforms
138,MEDITECH,Global Health & Healthcare,"Canton, USA",Global,Yes,High,Limited / role-dependent,Role and location dependent,https://ehr.meditech.com/careers,Health Information Systems | Digital Health | Interoperability | Enterprise Systems | Data Platforms
139,Philips,Global Health & Healthcare,"Amsterdam, Netherlands",Global,Yes,High,Limited / role-dependent,Role and location dependent,https://www.careers.philips.com/,Health Information Systems | Digital Health | Interoperability | Enterprise Systems | Data Platforms
140,GE HealthCare,Global Health & Healthcare,"Chicago, USA",Global,Yes,High,Limited / role-dependent,Role and location dependent,https://careers.gehealthcare.com/,Health Information Systems | Digital Health | Interoperability | Enterprise Systems | Data Platforms
141,Microsoft,Technology & Cloud,"Redmond, USA",Global,Varies,High,Often role-dependent,Possible for selected roles,https://careers.microsoft.com/,Solutions Architect | Enterprise Architect | Cloud | Customer Success | Technical Program Management
142,Google,Technology & Cloud,"Mountain View, USA",Global,Varies,High,Often role-dependent,Possible for selected roles,https://careers.google.com/,Solutions Architect | Enterprise Architect | Cloud | Customer Success | Technical Program Management
143,Amazon Web Services,Technology & Cloud,"Seattle, USA",Global,Varies,High,Often role-dependent,Possible for selected roles,https://www.amazon.jobs/en/teams/amazon-web-services,Solutions Architect | Enterprise Architect | Cloud | Customer Success | Technical Program Management
144,Oracle,Technology & Cloud,"Austin, USA",Global,Varies,High,Often role-dependent,Possible for selected roles,https://careers.oracle.com/,Solutions Architect | Enterprise Architect | Cloud | Customer Success | Technical Program Management
145,SAP,Technology & Cloud,"Walldorf, Germany",Global,Varies,High,Often role-dependent,Possible for selected roles,https://jobs.sap.com/,Solutions Architect | Enterprise Architect | Cloud | Customer Success | Technical Program Management
146,IBM,Technology & Cloud,"Armonk, USA",Global,Varies,High,Often role-dependent,Possible for selected roles,https://www.ibm.com/careers,Solutions Architect | Enterprise Architect | Cloud | Customer Success | Technical Program Management
147,Cisco,Technology & Cloud,"San Jose, USA",Global,Varies,High,Often role-dependent,Possible for selected roles,https://jobs.cisco.com/,Solutions Architect | Enterprise Architect | Cloud | Customer Success | Technical Program Management
148,Red Hat,Technology & Cloud,"Raleigh, USA",Global,Varies,High,Often role-dependent,Possible for selected roles,https://www.redhat.com/en/jobs,Solutions Architect | Enterprise Architect | Cloud | Customer Success | Technical Program Management
149,Salesforce,Technology & Cloud,"San Francisco, USA",Global,Varies,High,Often role-dependent,Possible for selected roles,https://careers.salesforce.com/,Solutions Architect | Enterprise Architect | Cloud | Customer Success | Technical Program Management
150,ServiceNow,Technology & Cloud,"Santa Clara, USA",Global,Varies,High,Often role-dependent,Possible for selected roles,https://careers.servicenow.com/,Solutions Architect | Enterprise Architect | Cloud | Customer Success | Technical Program Management
151,Dell Technologies,Technology & Cloud,"Round Rock, USA",Global,Varies,High,Often role-dependent,Possible for selected roles,https://jobs.dell.com/,Solutions Architect | Enterprise Architect | Cloud | Customer Success | Technical Program Management
152,Hewlett Packard Enterprise,Technology & Cloud,"Spring, USA",Global,Varies,High,Often role-dependent,Possible for selected roles,https://careers.hpe.com/,Solutions Architect | Enterprise Architect | Cloud | Customer Success | Technical Program Management
153,HP Inc.,Technology & Cloud,"Palo Alto, USA",Global,Varies,High,Often role-dependent,Possible for selected roles,https://jobs.hp.com/,Solutions Architect | Enterprise Architect | Cloud | Customer Success | Technical Program Management
154,Lenovo,Technology & Cloud,"Beijing, China",Global,Varies,High,Often role-dependent,Possible for selected roles,https://jobs.lenovo.com/,Solutions Architect | Enterprise Architect | Cloud | Customer Success | Technical Program Management
155,NVIDIA,Technology & Cloud,"Santa Clara, USA",Global,Varies,High,Often role-dependent,Possible for selected roles,https://www.nvidia.com/en-us/about-nvidia/careers/,Solutions Architect | Enterprise Architect | Cloud | Customer Success | Technical Program Management
156,Intel,Technology & Cloud,"Santa Clara, USA",Global,Varies,High,Often role-dependent,Possible for selected roles,https://jobs.intel.com/,Solutions Architect | Enterprise Architect | Cloud | Customer Success | Technical Program Management
157,AMD,Technology & Cloud,"Santa Clara, USA",Global,Varies,High,Often role-dependent,Possible for selected roles,https://careers.amd.com/,Solutions Architect | Enterprise Architect | Cloud | Customer Success | Technical Program Management
158,Qualcomm,Technology & Cloud,"San Diego, USA",Global,Varies,High,Often role-dependent,Possible for selected roles,https://www.qualcomm.com/company/careers,Solutions Architect | Enterprise Architect | Cloud | Customer Success | Technical Program Management
159,Cloudflare,Technology & Cloud,"San Francisco, USA",Global,Varies,High,Often role-dependent,Possible for selected roles,https://www.cloudflare.com/careers/,Solutions Architect | Enterprise Architect | Cloud | Customer Success | Technical Program Management
160,Databricks,Technology & Cloud,"San Francisco, USA",Global,Varies,High,Often role-dependent,Possible for selected roles,https://www.databricks.com/company/careers,Solutions Architect | Enterprise Architect | Cloud | Customer Success | Technical Program Management
161,Snowflake,Technology & Cloud,"Bozeman, USA",Global,Varies,High,Often role-dependent,Possible for selected roles,https://careers.snowflake.com/,Solutions Architect | Enterprise Architect | Cloud | Customer Success | Technical Program Management
162,MongoDB,Technology & Cloud,"New York, USA",Global,Varies,High,Often role-dependent,Possible for selected roles,https://www.mongodb.com/careers,Solutions Architect | Enterprise Architect | Cloud | Customer Success | Technical Program Management
163,Elastic,Technology & Cloud,"Amsterdam, Netherlands",Global,Varies,High,Often role-dependent,Possible for selected roles,https://www.elastic.co/careers,Solutions Architect | Enterprise Architect | Cloud | Customer Success | Technical Program Management
164,GitHub,Technology & Cloud,"San Francisco, USA",Global,Varies,High,Often role-dependent,Possible for selected roles,https://www.github.careers/careers-home,Solutions Architect | Enterprise Architect | Cloud | Customer Success | Technical Program Management
165,GitLab,Technology & Cloud,Remote,Global,Varies,High,Often role-dependent,Possible for selected roles,https://about.gitlab.com/jobs/,Solutions Architect | Enterprise Architect | Cloud | Customer Success | Technical Program Management
166,Atlassian,Technology & Cloud,"Sydney, Australia",Global,Varies,High,Often role-dependent,Possible for selected roles,https://www.atlassian.com/company/careers,Solutions Architect | Enterprise Architect | Cloud | Customer Success | Technical Program Management
167,HashiCorp,Technology & Cloud,"San Francisco, USA",Global,Varies,High,Often role-dependent,Possible for selected roles,https://www.hashicorp.com/careers,Solutions Architect | Enterprise Architect | Cloud | Customer Success | Technical Program Management
168,Grafana Labs,Technology & Cloud,"New York, USA",Global,Varies,High,Often role-dependent,Possible for selected roles,https://grafana.com/about/careers/,Solutions Architect | Enterprise Architect | Cloud | Customer Success | Technical Program Management
169,SUSE,Technology & Cloud,Luxembourg,Global,Varies,High,Often role-dependent,Possible for selected roles,https://jobs.suse.com/,Solutions Architect | Enterprise Architect | Cloud | Customer Success | Technical Program Management
170,Canonical,Technology & Cloud,"London, UK",Global,Varies,High,Often role-dependent,Possible for selected roles,https://canonical.com/careers,Solutions Architect | Enterprise Architect | Cloud | Customer Success | Technical Program Management
171,VMware by Broadcom,Technology & Cloud,"Palo Alto, USA",Global,Varies,High,Often role-dependent,Possible for selected roles,https://www.broadcom.com/company/careers,Solutions Architect | Enterprise Architect | Cloud | Customer Success | Technical Program Management
172,Broadcom,Technology & Cloud,"Palo Alto, USA",Global,Varies,High,Often role-dependent,Possible for selected roles,https://www.broadcom.com/company/careers,Solutions Architect | Enterprise Architect | Cloud | Customer Success | Technical Program Management
173,Palo Alto Networks,Technology & Cloud,"Santa Clara, USA",Global,Varies,High,Often role-dependent,Possible for selected roles,https://jobs.paloaltonetworks.com/,Solutions Architect | Enterprise Architect | Cloud | Customer Success | Technical Program Management
174,Fortinet,Technology & Cloud,"Sunnyvale, USA",Global,Varies,High,Often role-dependent,Possible for selected roles,https://www.fortinet.com/corporate/careers,Solutions Architect | Enterprise Architect | Cloud | Customer Success | Technical Program Management
175,CrowdStrike,Technology & Cloud,"Austin, USA",Global,Varies,High,Often role-dependent,Possible for selected roles,https://www.crowdstrike.com/careers/,Solutions Architect | Enterprise Architect | Cloud | Customer Success | Technical Program Management
176,Zscaler,Technology & Cloud,"San Jose, USA",Global,Varies,High,Often role-dependent,Possible for selected roles,https://www.zscaler.com/careers,Solutions Architect | Enterprise Architect | Cloud | Customer Success | Technical Program Management
177,Okta,Technology & Cloud,"San Francisco, USA",Global,Varies,High,Often role-dependent,Possible for selected roles,https://www.okta.com/company/careers/,Solutions Architect | Enterprise Architect | Cloud | Customer Success | Technical Program Management
178,CyberArk,Technology & Cloud,"Petah Tikva, Israel",Global,Varies,High,Often role-dependent,Possible for selected roles,https://www.cyberark.com/careers/,Solutions Architect | Enterprise Architect | Cloud | Customer Success | Technical Program Management
179,Check Point Software,Technology & Cloud,"Tel Aviv, Israel",Global,Varies,High,Often role-dependent,Possible for selected roles,https://careers.checkpoint.com/,Solutions Architect | Enterprise Architect | Cloud | Customer Success | Technical Program Management
180,Trend Micro,Technology & Cloud,"Tokyo, Japan",Global,Varies,High,Often role-dependent,Possible for selected roles,https://www.trendmicro.com/en_us/about/careers.html,Solutions Architect | Enterprise Architect | Cloud | Customer Success | Technical Program Management
181,UiPath,Technology & Cloud,"New York, USA",Global,Varies,High,Often role-dependent,Possible for selected roles,https://careers.uipath.com/,Solutions Architect | Enterprise Architect | Cloud | Customer Success | Technical Program Management
182,Automation Anywhere,Technology & Cloud,"San Jose, USA",Global,Varies,High,Often role-dependent,Possible for selected roles,https://www.automationanywhere.com/company/careers,Solutions Architect | Enterprise Architect | Cloud | Customer Success | Technical Program Management
183,MuleSoft,Technology & Cloud,"San Francisco, USA",Global,Varies,High,Often role-dependent,Possible for selected roles,https://careers.salesforce.com/en/teams/mulesoft/,Solutions Architect | Enterprise Architect | Cloud | Customer Success | Technical Program Management
184,Boomi,Technology & Cloud,"Conshohocken, USA",Global,Varies,High,Often role-dependent,Possible for selected roles,https://boomi.com/company/careers/,Solutions Architect | Enterprise Architect | Cloud | Customer Success | Technical Program Management
185,Informatica,Technology & Cloud,"Redwood City, USA",Global,Varies,High,Often role-dependent,Possible for selected roles,https://www.informatica.com/about-us/careers.html,Solutions Architect | Enterprise Architect | Cloud | Customer Success | Technical Program Management
186,Workday,Technology & Cloud,"Pleasanton, USA",Global,Varies,High,Often role-dependent,Possible for selected roles,https://workday.wd5.myworkdayjobs.com/Workday,Solutions Architect | Enterprise Architect | Cloud | Customer Success | Technical Program Management
187,Dynatrace,Technology & Cloud,"Waltham, USA",Global,Varies,High,Often role-dependent,Possible for selected roles,https://careers.dynatrace.com/,Solutions Architect | Enterprise Architect | Cloud | Customer Success | Technical Program Management
188,New Relic,Technology & Cloud,"San Francisco, USA",Global,Varies,High,Often role-dependent,Possible for selected roles,https://newrelic.com/about/careers,Solutions Architect | Enterprise Architect | Cloud | Customer Success | Technical Program Management
189,Nutanix,Technology & Cloud,"San Jose, USA",Global,Varies,High,Often role-dependent,Possible for selected roles,https://www.nutanix.com/company/careers,Solutions Architect | Enterprise Architect | Cloud | Customer Success | Technical Program Management
190,NetApp,Technology & Cloud,"San Jose, USA",Global,Varies,High,Often role-dependent,Possible for selected roles,https://careers.netapp.com/,Solutions Architect | Enterprise Architect | Cloud | Customer Success | Technical Program Management
191,Pure Storage,Technology & Cloud,"Santa Clara, USA",Global,Varies,High,Often role-dependent,Possible for selected roles,https://www.purestorage.com/company/careers.html,Solutions Architect | Enterprise Architect | Cloud | Customer Success | Technical Program Management
192,Veeam,Technology & Cloud,"Columbus, USA",Global,Varies,High,Often role-dependent,Possible for selected roles,https://careers.veeam.com/,Solutions Architect | Enterprise Architect | Cloud | Customer Success | Technical Program Management
193,F5,Technology & Cloud,"Seattle, USA",Global,Varies,High,Often role-dependent,Possible for selected roles,https://www.f5.com/company/careers,Solutions Architect | Enterprise Architect | Cloud | Customer Success | Technical Program Management
194,Akamai,Technology & Cloud,"Cambridge, USA",Global,Varies,High,Often role-dependent,Possible for selected roles,https://www.akamai.com/careers,Solutions Architect | Enterprise Architect | Cloud | Customer Success | Technical Program Management
195,Huawei,Technology & Cloud,"Shenzhen, China",Global,Varies,High,Often role-dependent,Possible for selected roles,https://career.huawei.com/,Solutions Architect | Enterprise Architect | Cloud | Customer Success | Technical Program Management
196,Accenture,Consulting & Systems Integration,"Dublin, Ireland",Global,Varies,High,Often role-dependent,Possible for selected roles,https://www.accenture.com/us-en/careers,Enterprise Architecture | Digital Transformation | Technology Consulting | ERP | Program Delivery
197,Deloitte,Consulting & Systems Integration,"London, UK",Global,Varies,High,Often role-dependent,Possible for selected roles,https://www.deloitte.com/global/en/careers.html,Enterprise Architecture | Digital Transformation | Technology Consulting | ERP | Program Delivery
198,PwC,Consulting & Systems Integration,"London, UK",Global,Varies,High,Often role-dependent,Possible for selected roles,https://www.pwc.com/gx/en/careers.html,Enterprise Architecture | Digital Transformation | Technology Consulting | ERP | Program Delivery
199,EY,Consulting & Systems Integration,"London, UK",Global,Varies,High,Often role-dependent,Possible for selected roles,https://careers.ey.com/,Enterprise Architecture | Digital Transformation | Technology Consulting | ERP | Program Delivery
200,KPMG,Consulting & Systems Integration,"Amstelveen, Netherlands",Global,Varies,High,Often role-dependent,Possible for selected roles,https://kpmg.com/xx/en/home/careers.html,Enterprise Architecture | Digital Transformation | Technology Consulting | ERP | Program Delivery
201,Capgemini,Consulting & Systems Integration,"Paris, France",Global,Varies,High,Often role-dependent,Possible for selected roles,https://www.capgemini.com/careers/,Enterprise Architecture | Digital Transformation | Technology Consulting | ERP | Program Delivery
202,CGI,Consulting & Systems Integration,"Montreal, Canada",Global,Varies,High,Often role-dependent,Possible for selected roles,https://www.cgi.com/en/careers,Enterprise Architecture | Digital Transformation | Technology Consulting | ERP | Program Delivery
203,NTT DATA,Consulting & Systems Integration,"Tokyo, Japan",Global,Varies,High,Often role-dependent,Possible for selected roles,https://careers.nttdata.com/,Enterprise Architecture | Digital Transformation | Technology Consulting | ERP | Program Delivery
204,Tata Consultancy Services,Consulting & Systems Integration,"Mumbai, India",Global,Varies,High,Often role-dependent,Possible for selected roles,https://www.tcs.com/careers,Enterprise Architecture | Digital Transformation | Technology Consulting | ERP | Program Delivery
205,Infosys,Consulting & Systems Integration,"Bengaluru, India",Global,Varies,High,Often role-dependent,Possible for selected roles,https://www.infosys.com/careers/,Enterprise Architecture | Digital Transformation | Technology Consulting | ERP | Program Delivery
206,Wipro,Consulting & Systems Integration,"Bengaluru, India",Global,Varies,High,Often role-dependent,Possible for selected roles,https://careers.wipro.com/,Enterprise Architecture | Digital Transformation | Technology Consulting | ERP | Program Delivery
207,Cognizant,Consulting & Systems Integration,"Teaneck, USA",Global,Varies,High,Often role-dependent,Possible for selected roles,https://careers.cognizant.com/,Enterprise Architecture | Digital Transformation | Technology Consulting | ERP | Program Delivery
208,Tech Mahindra,Consulting & Systems Integration,"Pune, India",Global,Varies,High,Often role-dependent,Possible for selected roles,https://careers.techmahindra.com/,Enterprise Architecture | Digital Transformation | Technology Consulting | ERP | Program Delivery
209,HCLTech,Consulting & Systems Integration,"Noida, India",Global,Varies,High,Often role-dependent,Possible for selected roles,https://www.hcltech.com/careers,Enterprise Architecture | Digital Transformation | Technology Consulting | ERP | Program Delivery
210,DXC Technology,Consulting & Systems Integration,"Ashburn, USA",Global,Varies,High,Often role-dependent,Possible for selected roles,https://careers.dxc.com/,Enterprise Architecture | Digital Transformation | Technology Consulting | ERP | Program Delivery
211,EPAM Systems,Consulting & Systems Integration,"Newtown, USA",Global,Varies,High,Often role-dependent,Possible for selected roles,https://www.epam.com/careers,Enterprise Architecture | Digital Transformation | Technology Consulting | ERP | Program Delivery
212,Thoughtworks,Consulting & Systems Integration,"Chicago, USA",Global,Varies,High,Often role-dependent,Possible for selected roles,https://www.thoughtworks.com/careers,Enterprise Architecture | Digital Transformation | Technology Consulting | ERP | Program Delivery
213,McKinsey & Company,Consulting & Systems Integration,"New York, USA",Global,Varies,High,Often role-dependent,Possible for selected roles,https://www.mckinsey.com/careers,Enterprise Architecture | Digital Transformation | Technology Consulting | ERP | Program Delivery
214,Boston Consulting Group,Consulting & Systems Integration,"Boston, USA",Global,Varies,High,Often role-dependent,Possible for selected roles,https://careers.bcg.com/,Enterprise Architecture | Digital Transformation | Technology Consulting | ERP | Program Delivery
215,Bain & Company,Consulting & Systems Integration,"Boston, USA",Global,Varies,High,Often role-dependent,Possible for selected roles,https://www.bain.com/careers/,Enterprise Architecture | Digital Transformation | Technology Consulting | ERP | Program Delivery
216,Oliver Wyman,Consulting & Systems Integration,"New York, USA",Global,Varies,High,Often role-dependent,Possible for selected roles,https://careers.marshmclennan.com/global/en/oliver-wyman,Enterprise Architecture | Digital Transformation | Technology Consulting | ERP | Program Delivery
217,Arthur D. Little,Consulting & Systems Integration,"Brussels, Belgium",Global,Varies,High,Often role-dependent,Possible for selected roles,https://www.adlittle.com/en/careers,Enterprise Architecture | Digital Transformation | Technology Consulting | ERP | Program Delivery
218,Roland Berger,Consulting & Systems Integration,"Munich, Germany",Global,Varies,High,Often role-dependent,Possible for selected roles,https://www.rolandberger.com/en/Join/,Enterprise Architecture | Digital Transformation | Technology Consulting | ERP | Program Delivery
219,BearingPoint,Consulting & Systems Integration,"Amsterdam, Netherlands",Global,Varies,High,Often role-dependent,Possible for selected roles,https://www.bearingpoint.com/en/careers/,Enterprise Architecture | Digital Transformation | Technology Consulting | ERP | Program Delivery
220,Sopra Steria,Consulting & Systems Integration,"Paris, France",Global,Varies,High,Often role-dependent,Possible for selected roles,https://www.soprasteria.com/careers,Enterprise Architecture | Digital Transformation | Technology Consulting | ERP | Program Delivery
221,Publicis Sapient,Consulting & Systems Integration,"Boston, USA",Global,Varies,High,Often role-dependent,Possible for selected roles,https://careers.publicissapient.com/,Enterprise Architecture | Digital Transformation | Technology Consulting | ERP | Program Delivery
222,Slalom,Consulting & Systems Integration,"Seattle, USA",Global,Varies,High,Often role-dependent,Possible for selected roles,https://www.slalom.com/careers,Enterprise Architecture | Digital Transformation | Technology Consulting | ERP | Program Delivery
223,Booz Allen Hamilton,Consulting & Systems Integration,"McLean, USA",Global,Varies,High,Often role-dependent,Possible for selected roles,https://careers.boozallen.com/,Enterprise Architecture | Digital Transformation | Technology Consulting | ERP | Program Delivery
224,Gartner,Consulting & Systems Integration,"Stamford, USA",Global,Varies,High,Often role-dependent,Possible for selected roles,https://jobs.gartner.com/,Enterprise Architecture | Digital Transformation | Technology Consulting | ERP | Program Delivery
225,IDC,Consulting & Systems Integration,"Needham, USA",Global,Varies,High,Often role-dependent,Possible for selected roles,https://www.idc.com/about/careers,Enterprise Architecture | Digital Transformation | Technology Consulting | ERP | Program Delivery
226,Vodafone Group,Telecom & Digital Infrastructure,"Newbury, UK",Global,Varies,High,Limited / role-dependent,Role and location dependent,https://careers.vodafone.com/,Enterprise Systems | Network/Cloud Architecture | IT Operations | Digital Platforms | Cybersecurity
227,Vodafone Egypt,Telecom & Digital Infrastructure,"Cairo, Egypt",Middle East,Varies,High,Limited / role-dependent,Role and location dependent,https://web.vodafone.com.eg/en/careers,Enterprise Systems | Network/Cloud Architecture | IT Operations | Digital Platforms | Cybersecurity
228,Orange Group,Telecom & Digital Infrastructure,"Paris, France",Global,Varies,High,Limited / role-dependent,Role and location dependent,https://orange.jobs/,Enterprise Systems | Network/Cloud Architecture | IT Operations | Digital Platforms | Cybersecurity
229,Orange Egypt,Telecom & Digital Infrastructure,"Cairo, Egypt",Middle East,Varies,High,Limited / role-dependent,Role and location dependent,https://orange.jobs/site/en-orange-egypt/index.htm,Enterprise Systems | Network/Cloud Architecture | IT Operations | Digital Platforms | Cybersecurity
230,Telecom Egypt,Telecom & Digital Infrastructure,"Cairo, Egypt",Middle East,Varies,High,Limited / role-dependent,Role and location dependent,https://www.te.eg/wps/portal/te/About/Careers,Enterprise Systems | Network/Cloud Architecture | IT Operations | Digital Platforms | Cybersecurity
231,Etisalat by e&,Telecom & Digital Infrastructure,"Abu Dhabi, UAE",Middle East,Varies,High,Limited / role-dependent,Role and location dependent,https://careers.eand.com/,Enterprise Systems | Network/Cloud Architecture | IT Operations | Digital Platforms | Cybersecurity
232,e& Egypt,Telecom & Digital Infrastructure,"Cairo, Egypt",Middle East,Varies,High,Limited / role-dependent,Role and location dependent,https://www.etisalat.eg/portal/pages/about/careers.html,Enterprise Systems | Network/Cloud Architecture | IT Operations | Digital Platforms | Cybersecurity
233,MTN Group,Telecom & Digital Infrastructure,"Johannesburg, South Africa",Africa,Yes,High,Limited / role-dependent,Role and location dependent,https://www.mtn.com/careers/,Enterprise Systems | Network/Cloud Architecture | IT Operations | Digital Platforms | Cybersecurity
234,Airtel Africa,Telecom & Digital Infrastructure,"London, UK",Africa,Yes,High,Limited / role-dependent,Role and location dependent,https://www.airtel.africa/careers,Enterprise Systems | Network/Cloud Architecture | IT Operations | Digital Platforms | Cybersecurity
235,Safaricom,Telecom & Digital Infrastructure,"Nairobi, Kenya",Africa,Yes,High,Limited / role-dependent,Role and location dependent,https://www.safaricom.co.ke/careers,Enterprise Systems | Network/Cloud Architecture | IT Operations | Digital Platforms | Cybersecurity
236,Liquid Intelligent Technologies,Telecom & Digital Infrastructure,"London, UK",Africa,Yes,High,Limited / role-dependent,Role and location dependent,https://liquid.tech/careers/,Enterprise Systems | Network/Cloud Architecture | IT Operations | Digital Platforms | Cybersecurity
237,MainOne,Telecom & Digital Infrastructure,"Lagos, Nigeria",Africa,Yes,High,Limited / role-dependent,Role and location dependent,https://www.mainone.net/careers/,Enterprise Systems | Network/Cloud Architecture | IT Operations | Digital Platforms | Cybersecurity
238,Bayobab,Telecom & Digital Infrastructure,"Johannesburg, South Africa",Africa,Yes,High,Limited / role-dependent,Role and location dependent,https://www.bayobab.africa/careers,Enterprise Systems | Network/Cloud Architecture | IT Operations | Digital Platforms | Cybersecurity
239,Econet Wireless,Telecom & Digital Infrastructure,"Harare, Zimbabwe",Africa,Yes,High,Limited / role-dependent,Role and location dependent,https://www.econet.co.zw/careers,Enterprise Systems | Network/Cloud Architecture | IT Operations | Digital Platforms | Cybersecurity
240,Telkom South Africa,Telecom & Digital Infrastructure,"Pretoria, South Africa",Africa,Yes,High,Limited / role-dependent,Role and location dependent,https://www.telkom.co.za/careers,Enterprise Systems | Network/Cloud Architecture | IT Operations | Digital Platforms | Cybersecurity
241,Ericsson,Telecom & Digital Infrastructure,"Stockholm, Sweden",Global,Varies,High,Limited / role-dependent,Role and location dependent,https://www.ericsson.com/en/careers,Enterprise Systems | Network/Cloud Architecture | IT Operations | Digital Platforms | Cybersecurity
242,Nokia,Telecom & Digital Infrastructure,"Espoo, Finland",Global,Varies,High,Limited / role-dependent,Role and location dependent,https://www.nokia.com/about-us/careers/,Enterprise Systems | Network/Cloud Architecture | IT Operations | Digital Platforms | Cybersecurity
243,ZTE,Telecom & Digital Infrastructure,"Shenzhen, China",Global,Varies,High,Limited / role-dependent,Role and location dependent,https://www.zte.com.cn/global/about/careers,Enterprise Systems | Network/Cloud Architecture | IT Operations | Digital Platforms | Cybersecurity
244,Equinix,Telecom & Digital Infrastructure,"Redwood City, USA",Global,Varies,High,Limited / role-dependent,Role and location dependent,https://careers.equinix.com/,Enterprise Systems | Network/Cloud Architecture | IT Operations | Digital Platforms | Cybersecurity
245,Digital Realty,Telecom & Digital Infrastructure,"Austin, USA",Global,Varies,High,Limited / role-dependent,Role and location dependent,https://careers.digitalrealty.com/,Enterprise Systems | Network/Cloud Architecture | IT Operations | Digital Platforms | Cybersecurity
246,American Tower,Telecom & Digital Infrastructure,"Boston, USA",Global,Varies,High,Limited / role-dependent,Role and location dependent,https://careers.americantower.com/,Enterprise Systems | Network/Cloud Architecture | IT Operations | Digital Platforms | Cybersecurity
247,IHS Towers,Telecom & Digital Infrastructure,"London, UK",Africa,Yes,High,Limited / role-dependent,Role and location dependent,https://www.ihstowers.com/careers,Enterprise Systems | Network/Cloud Architecture | IT Operations | Digital Platforms | Cybersecurity
248,Africa Data Centres,Telecom & Digital Infrastructure,"Johannesburg, South Africa",Africa,Yes,High,Limited / role-dependent,Role and location dependent,https://www.africadatacentres.com/careers/,Enterprise Systems | Network/Cloud Architecture | IT Operations | Digital Platforms | Cybersecurity
249,Rack Centre,Telecom & Digital Infrastructure,"Lagos, Nigeria",Africa,Yes,High,Limited / role-dependent,Role and location dependent,https://www.rack-centre.com/careers/,Enterprise Systems | Network/Cloud Architecture | IT Operations | Digital Platforms | Cybersecurity
250,G42,Telecom & Digital Infrastructure,"Abu Dhabi, UAE",Middle East,Varies,High,Limited / role-dependent,Role and location dependent,https://www.g42.ai/careers,Enterprise Systems | Network/Cloud Architecture | IT Operations | Digital Platforms | Cybersecurity
251,Bill & Melinda Gates Foundation,"Research, Foundations & Policy","Seattle, USA",Global,Yes,Medium,Limited / role-dependent,Role and location dependent,https://www.gatesfoundation.org/about/careers,Digital Strategy | Research Systems | Data Platforms | Technology Programme | Knowledge Systems
252,Rockefeller Foundation,"Research, Foundations & Policy","New York, USA",Global,Yes,Medium,Limited / role-dependent,Role and location dependent,https://www.rockefellerfoundation.org/careers/,Digital Strategy | Research Systems | Data Platforms | Technology Programme | Knowledge Systems
253,Wellcome Trust,"Research, Foundations & Policy","London, UK",Global,Yes,Medium,Limited / role-dependent,Role and location dependent,https://wellcome.org/jobs,Digital Strategy | Research Systems | Data Platforms | Technology Programme | Knowledge Systems
254,Mastercard Foundation,"Research, Foundations & Policy","Toronto, Canada",Africa,Yes,Medium,Limited / role-dependent,Role and location dependent,https://mastercardfdn.org/careers/,Digital Strategy | Research Systems | Data Platforms | Technology Programme | Knowledge Systems
255,Ford Foundation,"Research, Foundations & Policy","New York, USA",Global,Yes,Medium,Limited / role-dependent,Role and location dependent,https://www.fordfoundation.org/about/careers/,Digital Strategy | Research Systems | Data Platforms | Technology Programme | Knowledge Systems
256,MacArthur Foundation,"Research, Foundations & Policy","Chicago, USA",Global,Yes,Medium,Limited / role-dependent,Role and location dependent,https://www.macfound.org/about/careers,Digital Strategy | Research Systems | Data Platforms | Technology Programme | Knowledge Systems
257,Open Society Foundations,"Research, Foundations & Policy","New York, USA",Global,Yes,Medium,Limited / role-dependent,Role and location dependent,https://www.opensocietyfoundations.org/employment,Digital Strategy | Research Systems | Data Platforms | Technology Programme | Knowledge Systems
258,Aga Khan Foundation,"Research, Foundations & Policy","Geneva, Switzerland",Global,Yes,Medium,Limited / role-dependent,Role and location dependent,https://www.akdn.org/careers,Digital Strategy | Research Systems | Data Platforms | Technology Programme | Knowledge Systems
259,Omidyar Network,"Research, Foundations & Policy","Redwood City, USA",Global,Yes,Medium,Limited / role-dependent,Role and location dependent,https://omidyar.com/careers/,Digital Strategy | Research Systems | Data Platforms | Technology Programme | Knowledge Systems
260,Schmidt Futures,"Research, Foundations & Policy","New York, USA",Global,Yes,Medium,Limited / role-dependent,Role and location dependent,https://www.schmidtfutures.com/careers/,Digital Strategy | Research Systems | Data Platforms | Technology Programme | Knowledge Systems
261,CGIAR,"Research, Foundations & Policy","Montpellier, France",Global,Yes,Medium,Limited / role-dependent,Role and location dependent,https://www.cgiar.org/careers/,Digital Strategy | Research Systems | Data Platforms | Technology Programme | Knowledge Systems
262,International Livestock Research Institute,"Research, Foundations & Policy","Nairobi, Kenya",Africa,Yes,Medium,Limited / role-dependent,Role and location dependent,https://www.ilri.org/jobs,Digital Strategy | Research Systems | Data Platforms | Technology Programme | Knowledge Systems
263,ICARDA,"Research, Foundations & Policy","Beirut, Lebanon",Global,Yes,Medium,Limited / role-dependent,Role and location dependent,https://www.icarda.org/about-us/work-us,Digital Strategy | Research Systems | Data Platforms | Technology Programme | Knowledge Systems
264,AfricaRice,"Research, Foundations & Policy","Abidjan, Côte d’Ivoire",Africa,Yes,Medium,Limited / role-dependent,Role and location dependent,https://www.africarice.org/jobs,Digital Strategy | Research Systems | Data Platforms | Technology Programme | Knowledge Systems
265,KEMRI,"Research, Foundations & Policy","Nairobi, Kenya",Africa,Yes,Medium,Limited / role-dependent,Role and location dependent,https://www.kemri.go.ke/careers/,Digital Strategy | Research Systems | Data Platforms | Technology Programme | Knowledge Systems
266,African Population and Health Research Center,"Research, Foundations & Policy","Nairobi, Kenya",Africa,Yes,Medium,Limited / role-dependent,Role and location dependent,https://aphrc.org/careers/,Digital Strategy | Research Systems | Data Platforms | Technology Programme | Knowledge Systems
267,Ifakara Health Institute,"Research, Foundations & Policy","Dar es Salaam, Tanzania",Africa,Yes,Medium,Limited / role-dependent,Role and location dependent,https://ihi.or.tz/careers/,Digital Strategy | Research Systems | Data Platforms | Technology Programme | Knowledge Systems
268,RAND Corporation,"Research, Foundations & Policy","Santa Monica, USA",Global,Yes,Medium,Limited / role-dependent,Role and location dependent,https://www.rand.org/jobs.html,Digital Strategy | Research Systems | Data Platforms | Technology Programme | Knowledge Systems
269,Brookings Institution,"Research, Foundations & Policy","Washington, DC, USA",Global,Yes,Medium,Limited / role-dependent,Role and location dependent,https://www.brookings.edu/careers/,Digital Strategy | Research Systems | Data Platforms | Technology Programme | Knowledge Systems
270,ODI Global,"Research, Foundations & Policy","London, UK",Global,Yes,Medium,Limited / role-dependent,Role and location dependent,https://odi.org/en/about/jobs/,Digital Strategy | Research Systems | Data Platforms | Technology Programme | Knowledge Systems
271,Institute of Development Studies,"Research, Foundations & Policy","Brighton, UK",Global,Yes,Medium,Limited / role-dependent,Role and location dependent,https://www.ids.ac.uk/about-us/jobs/,Digital Strategy | Research Systems | Data Platforms | Technology Programme | Knowledge Systems
272,Carnegie Endowment for International Peace,"Research, Foundations & Policy","Washington, DC, USA",Global,Yes,Medium,Limited / role-dependent,Role and location dependent,https://carnegieendowment.org/about/jobs,Digital Strategy | Research Systems | Data Platforms | Technology Programme | Knowledge Systems
273,Center for Global Development,"Research, Foundations & Policy","Washington, DC, USA",Global,Yes,Medium,Limited / role-dependent,Role and location dependent,https://www.cgdev.org/page/careers,Digital Strategy | Research Systems | Data Platforms | Technology Programme | Knowledge Systems
274,World Resources Institute,"Research, Foundations & Policy","Washington, DC, USA",Global,Yes,Medium,Limited / role-dependent,Role and location dependent,https://www.wri.org/careers,Digital Strategy | Research Systems | Data Platforms | Technology Programme | Knowledge Systems
275,International Institute for Sustainable Development,"Research, Foundations & Policy","Winnipeg, Canada",Global,Yes,Medium,Limited / role-dependent,Role and location dependent,https://www.iisd.org/about-iisd/employment,Digital Strategy | Research Systems | Data Platforms | Technology Programme | Knowledge Systems
276,Smart Africa,Africa Digital & High-Growth,"Kigali, Rwanda",Africa,Yes,Medium,Often role-dependent,Role and location dependent,https://smartafrica.org/careers/,Technology Leadership | Platform Architecture | Digital Products | Data | Systems Integration
277,AfricaNenda,Africa Digital & High-Growth,"Nairobi, Kenya",Africa,Yes,Medium,Often role-dependent,Role and location dependent,https://www.africanenda.org/careers,Technology Leadership | Platform Architecture | Digital Products | Data | Systems Integration
278,Code for Africa,Africa Digital & High-Growth,"Nairobi, Kenya",Africa,Yes,Medium,Often role-dependent,Role and location dependent,https://codeforafrica.org/careers/,Technology Leadership | Platform Architecture | Digital Products | Data | Systems Integration
279,Andela,Africa Digital & High-Growth,"New York, USA",Africa,Yes,Medium,Often role-dependent,Role and location dependent,https://www.andela.com/careers,Technology Leadership | Platform Architecture | Digital Products | Data | Systems Integration
280,Flutterwave,Africa Digital & High-Growth,"San Francisco, USA",Africa,Yes,Medium,Often role-dependent,Role and location dependent,https://flutterwave.com/us/careers,Technology Leadership | Platform Architecture | Digital Products | Data | Systems Integration
281,Interswitch,Africa Digital & High-Growth,"Lagos, Nigeria",Africa,Yes,Medium,Often role-dependent,Role and location dependent,https://www.interswitchgroup.com/careers,Technology Leadership | Platform Architecture | Digital Products | Data | Systems Integration
282,Paystack,Africa Digital & High-Growth,"Lagos, Nigeria",Africa,Yes,Medium,Often role-dependent,Role and location dependent,https://paystack.com/careers,Technology Leadership | Platform Architecture | Digital Products | Data | Systems Integration
283,M-PESA Africa,Africa Digital & High-Growth,"Nairobi, Kenya",Africa,Yes,Medium,Often role-dependent,Role and location dependent,https://www.safaricom.co.ke/careers,Technology Leadership | Platform Architecture | Digital Products | Data | Systems Integration
284,Wave Mobile Money,Africa Digital & High-Growth,"Dakar, Senegal",Africa,Yes,Medium,Often role-dependent,Role and location dependent,https://www.wave.com/en/careers/,Technology Leadership | Platform Architecture | Digital Products | Data | Systems Integration
285,Tyme Group,Africa Digital & High-Growth,Singapore,Africa,Yes,Medium,Often role-dependent,Role and location dependent,https://www.tyme.com/careers,Technology Leadership | Platform Architecture | Digital Products | Data | Systems Integration
286,Jumia,Africa Digital & High-Growth,"Berlin, Germany",Africa,Yes,Medium,Often role-dependent,Role and location dependent,https://group.jumia.com/careers,Technology Leadership | Platform Architecture | Digital Products | Data | Systems Integration
287,Kobo360,Africa Digital & High-Growth,"Lagos, Nigeria",Africa,Yes,Medium,Often role-dependent,Role and location dependent,https://www.kobo360.com/careers,Technology Leadership | Platform Architecture | Digital Products | Data | Systems Integration
288,Yoco,Africa Digital & High-Growth,"Cape Town, South Africa",Africa,Yes,Medium,Often role-dependent,Role and location dependent,https://www.yoco.com/za/careers/,Technology Leadership | Platform Architecture | Digital Products | Data | Systems Integration
289,M-KOPA,Africa Digital & High-Growth,"Nairobi, Kenya",Africa,Yes,Medium,Often role-dependent,Role and location dependent,https://m-kopa.com/careers/,Technology Leadership | Platform Architecture | Digital Products | Data | Systems Integration
290,Cellulant,Africa Digital & High-Growth,"Nairobi, Kenya",Africa,Yes,Medium,Often role-dependent,Role and location dependent,https://www.cellulant.io/careers/,Technology Leadership | Platform Architecture | Digital Products | Data | Systems Integration
291,Moniepoint,Africa Digital & High-Growth,"London, UK",Africa,Yes,Medium,Often role-dependent,Role and location dependent,https://moniepoint.com/careers,Technology Leadership | Platform Architecture | Digital Products | Data | Systems Integration
292,OPay,Africa Digital & High-Growth,"Cairo, Egypt",Africa,Yes,Medium,Often role-dependent,Role and location dependent,https://www.opayweb.com/careers,Technology Leadership | Platform Architecture | Digital Products | Data | Systems Integration
293,Fawry,Africa Digital & High-Growth,"Cairo, Egypt",Middle East,Varies,Medium,Often role-dependent,Role and location dependent,https://www.fawry.com/careers/,Technology Leadership | Platform Architecture | Digital Products | Data | Systems Integration
294,Egyptian Banks Company,Africa Digital & High-Growth,"Cairo, Egypt",Middle East,Varies,Medium,Often role-dependent,Role and location dependent,https://www.egyptianbanks.com/careers,Technology Leadership | Platform Architecture | Digital Products | Data | Systems Integration
295,Raya Holding,Africa Digital & High-Growth,"Cairo, Egypt",Middle East,Varies,Medium,Often role-dependent,Role and location dependent,https://rayacorp.com/careers/,Technology Leadership | Platform Architecture | Digital Products | Data | Systems Integration
296,ITWorx,Africa Digital & High-Growth,"Cairo, Egypt",Middle East,Varies,Medium,Often role-dependent,Role and location dependent,https://www.itworx.com/careers/,Technology Leadership | Platform Architecture | Digital Products | Data | Systems Integration
297,Valeo Egypt,Africa Digital & High-Growth,"Cairo, Egypt",Middle East,Varies,Medium,Often role-dependent,Role and location dependent,https://valeo.wd3.myworkdayjobs.com/en-US/valeo_jobs,Technology Leadership | Platform Architecture | Digital Products | Data | Systems Integration
298,Sumerge,Africa Digital & High-Growth,"Cairo, Egypt",Middle East,Varies,Medium,Often role-dependent,Role and location dependent,https://www.sumerge.com/careers/,Technology Leadership | Platform Architecture | Digital Products | Data | Systems Integration
299,Incorta,Africa Digital & High-Growth,"San Mateo, USA",Middle East,Varies,Medium,Often role-dependent,Role and location dependent,https://www.incorta.com/company/careers,Technology Leadership | Platform Architecture | Digital Products | Data | Systems Integration
300,Vezeeta,Africa Digital & High-Growth,"Cairo, Egypt",Middle East,Varies,Medium,Often role-dependent,Role and location dependent,https://www.vezeeta.com/en/careers,Technology Leadership | Platform Architecture | Digital Products | Data | Systems Integration
