ID,Company,Category,Headquarters,Region,Africa Presence,Fit Priority,Remote Indicator,Visa Indicator,Link Type,Career / Official URL,Suggested ICT Roles
1,Pfizer,Global Pharmaceuticals,"New York, USA",Global,Likely,Medium,Limited / role-dependent,Possible for selected specialist roles,Careers,https://www.pfizer.com/about/careers,Enterprise Architecture | Digital Transformation | ERP & Manufacturing Systems | Data & Analytics | IT Governance
2,Roche,Global Pharmaceuticals,"Basel, Switzerland",Global,Likely,Medium,Limited / role-dependent,Possible for selected specialist roles,Careers,https://careers.roche.com/,Enterprise Architecture | Digital Transformation | ERP & Manufacturing Systems | Data & Analytics | IT Governance
3,Novartis,Global Pharmaceuticals,"Basel, Switzerland",Global,Likely,Medium,Limited / role-dependent,Possible for selected specialist roles,Careers,https://www.novartis.com/careers,Enterprise Architecture | Digital Transformation | ERP & Manufacturing Systems | Data & Analytics | IT Governance
4,Sanofi,Global Pharmaceuticals,"Paris, France",Global,Likely,Medium,Limited / role-dependent,Possible for selected specialist roles,Careers,https://jobs.sanofi.com/,Enterprise Architecture | Digital Transformation | ERP & Manufacturing Systems | Data & Analytics | IT Governance
5,GSK,Global Pharmaceuticals,"London, UK",Global,Likely,Medium,Limited / role-dependent,Possible for selected specialist roles,Careers,https://jobs.gsk.com/,Enterprise Architecture | Digital Transformation | ERP & Manufacturing Systems | Data & Analytics | IT Governance
6,AstraZeneca,Global Pharmaceuticals,"Cambridge, UK",Global,Likely,Medium,Limited / role-dependent,Possible for selected specialist roles,Careers,https://careers.astrazeneca.com/,Enterprise Architecture | Digital Transformation | ERP & Manufacturing Systems | Data & Analytics | IT Governance
7,Merck & Co.,Global Pharmaceuticals,"Rahway, USA",Global,Likely,Medium,Limited / role-dependent,Possible for selected specialist roles,Careers,https://jobs.merck.com/,Enterprise Architecture | Digital Transformation | ERP & Manufacturing Systems | Data & Analytics | IT Governance
8,Johnson & Johnson Innovative Medicine,Global Pharmaceuticals,"New Brunswick, USA",Global,Likely,Medium,Limited / role-dependent,Possible for selected specialist roles,Careers,https://www.careers.jnj.com/,Enterprise Architecture | Digital Transformation | ERP & Manufacturing Systems | Data & Analytics | IT Governance
9,Eli Lilly and Company,Global Pharmaceuticals,"Indianapolis, USA",Global,Likely,Medium,Limited / role-dependent,Possible for selected specialist roles,Careers,https://careers.lilly.com/,Enterprise Architecture | Digital Transformation | ERP & Manufacturing Systems | Data & Analytics | IT Governance
10,AbbVie,Global Pharmaceuticals,"North Chicago, USA",Global,Likely,Medium,Limited / role-dependent,Possible for selected specialist roles,Careers,https://careers.abbvie.com/,Enterprise Architecture | Digital Transformation | ERP & Manufacturing Systems | Data & Analytics | IT Governance
11,Bristol Myers Squibb,Global Pharmaceuticals,"Princeton, USA",Global,Likely,Medium,Limited / role-dependent,Possible for selected specialist roles,Careers,https://careers.bms.com/,Enterprise Architecture | Digital Transformation | ERP & Manufacturing Systems | Data & Analytics | IT Governance
12,Takeda Pharmaceutical,Global Pharmaceuticals,"Tokyo, Japan",Global,Likely,Medium,Limited / role-dependent,Possible for selected specialist roles,Careers,https://jobs.takeda.com/,Enterprise Architecture | Digital Transformation | ERP & Manufacturing Systems | Data & Analytics | IT Governance
13,Bayer Pharmaceuticals,Global Pharmaceuticals,"Leverkusen, Germany",Global,Likely,Medium,Limited / role-dependent,Possible for selected specialist roles,Careers,https://career.bayer.com/,Enterprise Architecture | Digital Transformation | ERP & Manufacturing Systems | Data & Analytics | IT Governance
14,Boehringer Ingelheim,Global Pharmaceuticals,"Ingelheim, Germany",Global,Likely,Medium,Limited / role-dependent,Possible for selected specialist roles,Careers,https://jobs.boehringer-ingelheim.com/,Enterprise Architecture | Digital Transformation | ERP & Manufacturing Systems | Data & Analytics | IT Governance
15,Novo Nordisk,Global Pharmaceuticals,"Bagsværd, Denmark",Global,Likely,Medium,Limited / role-dependent,Possible for selected specialist roles,Careers,https://www.novonordisk.com/careers.html,Enterprise Architecture | Digital Transformation | ERP & Manufacturing Systems | Data & Analytics | IT Governance
16,Teva Pharmaceutical Industries,Global Pharmaceuticals,"Tel Aviv, Israel",Global,Likely,Medium,Limited / role-dependent,Possible for selected specialist roles,Careers,https://careers.teva/,Enterprise Architecture | Digital Transformation | ERP & Manufacturing Systems | Data & Analytics | IT Governance
17,Astellas Pharma,Global Pharmaceuticals,"Tokyo, Japan",Global,Likely,Medium,Limited / role-dependent,Possible for selected specialist roles,Careers,https://www.astellas.com/en/careers,Enterprise Architecture | Digital Transformation | ERP & Manufacturing Systems | Data & Analytics | IT Governance
18,Otsuka Pharmaceutical,Global Pharmaceuticals,"Tokyo, Japan",Global,Likely,Medium,Limited / role-dependent,Possible for selected specialist roles,Careers,https://www.otsuka.com/en/careers/,Enterprise Architecture | Digital Transformation | ERP & Manufacturing Systems | Data & Analytics | IT Governance
19,Daiichi Sankyo,Global Pharmaceuticals,"Tokyo, Japan",Global,Likely,Medium,Limited / role-dependent,Possible for selected specialist roles,Careers,https://www.daiichisankyo.com/careers/,Enterprise Architecture | Digital Transformation | ERP & Manufacturing Systems | Data & Analytics | IT Governance
20,Eisai,Global Pharmaceuticals,"Tokyo, Japan",Global,Likely,Medium,Limited / role-dependent,Possible for selected specialist roles,Careers,https://www.eisai.com/careers/index.html,Enterprise Architecture | Digital Transformation | ERP & Manufacturing Systems | Data & Analytics | IT Governance
21,Chugai Pharmaceutical,Global Pharmaceuticals,"Tokyo, Japan",Asia,Likely,Medium,Limited / role-dependent,Possible for selected specialist roles,Careers,https://www.chugai-pharm.co.jp/english/recruit/,Enterprise Architecture | Digital Transformation | ERP & Manufacturing Systems | Data & Analytics | IT Governance
22,Sandoz,Global Pharmaceuticals,"Basel, Switzerland",Global,Likely,Medium,Limited / role-dependent,Possible for selected specialist roles,Careers,https://www.sandoz.com/careers,Enterprise Architecture | Digital Transformation | ERP & Manufacturing Systems | Data & Analytics | IT Governance
23,Viatris,Global Pharmaceuticals,"Canonsburg, USA",Global,Likely,Medium,Limited / role-dependent,Possible for selected specialist roles,Careers,https://www.viatris.com/en/careers,Enterprise Architecture | Digital Transformation | ERP & Manufacturing Systems | Data & Analytics | IT Governance
24,Organon,Global Pharmaceuticals,"Jersey City, USA",Global,Likely,Medium,Limited / role-dependent,Possible for selected specialist roles,Careers,https://www.organon.com/careers/,Enterprise Architecture | Digital Transformation | ERP & Manufacturing Systems | Data & Analytics | IT Governance
25,CSL,Global Pharmaceuticals,"Melbourne, Australia",Global,Likely,Medium,Limited / role-dependent,Possible for selected specialist roles,Careers,https://www.csl.com/careers,Enterprise Architecture | Digital Transformation | ERP & Manufacturing Systems | Data & Analytics | IT Governance
26,Grifols,Global Pharmaceuticals,"Barcelona, Spain",Global,Likely,Medium,Limited / role-dependent,Possible for selected specialist roles,Careers,https://www.grifols.com/en/careers,Enterprise Architecture | Digital Transformation | ERP & Manufacturing Systems | Data & Analytics | IT Governance
27,UCB,Global Pharmaceuticals,"Brussels, Belgium",Global,Likely,Medium,Limited / role-dependent,Possible for selected specialist roles,Careers,https://careers.ucb.com/,Enterprise Architecture | Digital Transformation | ERP & Manufacturing Systems | Data & Analytics | IT Governance
28,Ipsen,Global Pharmaceuticals,"Boulogne-Billancourt, France",Global,Likely,Medium,Limited / role-dependent,Possible for selected specialist roles,Careers,https://careers.ipsen.com/,Enterprise Architecture | Digital Transformation | ERP & Manufacturing Systems | Data & Analytics | IT Governance
29,Servier,Global Pharmaceuticals,"Suresnes, France",Global,Likely,Medium,Limited / role-dependent,Possible for selected specialist roles,Official site,https://servier.com/en/join-us/,Enterprise Architecture | Digital Transformation | ERP & Manufacturing Systems | Data & Analytics | IT Governance
30,Pierre Fabre,Global Pharmaceuticals,"Castres, France",Global,Likely,Medium,Limited / role-dependent,Possible for selected specialist roles,Careers,https://www.pierre-fabre.com/en/careers,Enterprise Architecture | Digital Transformation | ERP & Manufacturing Systems | Data & Analytics | IT Governance
31,Lundbeck,Global Pharmaceuticals,"Valby, Denmark",Global,Likely,Medium,Limited / role-dependent,Possible for selected specialist roles,Careers,https://www.lundbeck.com/global/careers,Enterprise Architecture | Digital Transformation | ERP & Manufacturing Systems | Data & Analytics | IT Governance
32,Almirall,Global Pharmaceuticals,"Barcelona, Spain",Global,Likely,Medium,Limited / role-dependent,Possible for selected specialist roles,Careers,https://careers.almirall.com/,Enterprise Architecture | Digital Transformation | ERP & Manufacturing Systems | Data & Analytics | IT Governance
33,Recordati,Global Pharmaceuticals,"Milan, Italy",Global,Likely,Medium,Limited / role-dependent,Possible for selected specialist roles,Careers,https://www.recordati.com/careers/,Enterprise Architecture | Digital Transformation | ERP & Manufacturing Systems | Data & Analytics | IT Governance
34,Menarini Group,Global Pharmaceuticals,"Florence, Italy",Global,Likely,Medium,Limited / role-dependent,Possible for selected specialist roles,Careers,https://www.menarini.com/en-us/careers,Enterprise Architecture | Digital Transformation | ERP & Manufacturing Systems | Data & Analytics | IT Governance
35,Sun Pharmaceutical Industries,Global Pharmaceuticals,"Mumbai, India",Global,Likely,Medium,Limited / role-dependent,Possible for selected specialist roles,Careers,https://sunpharma.com/careers/,Enterprise Architecture | Digital Transformation | ERP & Manufacturing Systems | Data & Analytics | IT Governance
36,Dr. Reddy's Laboratories,Global Pharmaceuticals,"Hyderabad, India",Global,Likely,Medium,Limited / role-dependent,Possible for selected specialist roles,Careers,https://careers.drreddys.com/,Enterprise Architecture | Digital Transformation | ERP & Manufacturing Systems | Data & Analytics | IT Governance
37,Cipla,Global Pharmaceuticals,"Mumbai, India",Global,Likely,Medium,Limited / role-dependent,Possible for selected specialist roles,Careers,https://www.cipla.com/careers,Enterprise Architecture | Digital Transformation | ERP & Manufacturing Systems | Data & Analytics | IT Governance
38,Lupin,Global Pharmaceuticals,"Mumbai, India",Global,Likely,Medium,Limited / role-dependent,Possible for selected specialist roles,Careers,https://www.lupin.com/careers/,Enterprise Architecture | Digital Transformation | ERP & Manufacturing Systems | Data & Analytics | IT Governance
39,Zydus Lifesciences,Global Pharmaceuticals,"Ahmedabad, India",Global,Likely,Medium,Limited / role-dependent,Possible for selected specialist roles,Careers,https://www.zyduslife.com/careers.html,Enterprise Architecture | Digital Transformation | ERP & Manufacturing Systems | Data & Analytics | IT Governance
40,Aurobindo Pharma,Global Pharmaceuticals,"Hyderabad, India",Global,Likely,Medium,Limited / role-dependent,Possible for selected specialist roles,Careers,https://www.aurobindo.com/careers/,Enterprise Architecture | Digital Transformation | ERP & Manufacturing Systems | Data & Analytics | IT Governance
41,Torrent Pharmaceuticals,Global Pharmaceuticals,"Ahmedabad, India",Global,Likely,Medium,Limited / role-dependent,Possible for selected specialist roles,Careers,https://www.torrentpharma.com/careers.php,Enterprise Architecture | Digital Transformation | ERP & Manufacturing Systems | Data & Analytics | IT Governance
42,Glenmark Pharmaceuticals,Global Pharmaceuticals,"Mumbai, India",Global,Likely,Medium,Limited / role-dependent,Possible for selected specialist roles,Careers,https://glenmarkpharma.com/careers/,Enterprise Architecture | Digital Transformation | ERP & Manufacturing Systems | Data & Analytics | IT Governance
43,Alkem Laboratories,Global Pharmaceuticals,"Mumbai, India",Global,Likely,Medium,Limited / role-dependent,Possible for selected specialist roles,Careers,https://www.alkemlabs.com/careers,Enterprise Architecture | Digital Transformation | ERP & Manufacturing Systems | Data & Analytics | IT Governance
44,Intas Pharmaceuticals,Global Pharmaceuticals,"Ahmedabad, India",Global,Likely,Medium,Limited / role-dependent,Possible for selected specialist roles,Careers,https://www.intaspharma.com/careers/,Enterprise Architecture | Digital Transformation | ERP & Manufacturing Systems | Data & Analytics | IT Governance
45,Biocon,Global Pharmaceuticals,"Bengaluru, India",Global,Likely,Medium,Limited / role-dependent,Possible for selected specialist roles,Careers,https://www.biocon.com/careers/,Enterprise Architecture | Digital Transformation | ERP & Manufacturing Systems | Data & Analytics | IT Governance
46,Gedeon Richter,Global Pharmaceuticals,"Budapest, Hungary",Global,Likely,Medium,Limited / role-dependent,Possible for selected specialist roles,Careers,https://www.gedeonrichter.com/en/career,Enterprise Architecture | Digital Transformation | ERP & Manufacturing Systems | Data & Analytics | IT Governance
47,STADA,Global Pharmaceuticals,"Bad Vilbel, Germany",Global,Likely,Medium,Limited / role-dependent,Possible for selected specialist roles,Careers,https://jobs.stada.com/,Enterprise Architecture | Digital Transformation | ERP & Manufacturing Systems | Data & Analytics | IT Governance
48,Krka,Global Pharmaceuticals,"Novo Mesto, Slovenia",Global,Likely,Medium,Limited / role-dependent,Possible for selected specialist roles,Careers,https://www.krka.biz/en/careers/,Enterprise Architecture | Digital Transformation | ERP & Manufacturing Systems | Data & Analytics | IT Governance
49,Orion Corporation,Global Pharmaceuticals,"Espoo, Finland",Global,Likely,Medium,Limited / role-dependent,Possible for selected specialist roles,Careers,https://www.orion.fi/en/careers/,Enterprise Architecture | Digital Transformation | ERP & Manufacturing Systems | Data & Analytics | IT Governance
50,LEO Pharma,Global Pharmaceuticals,"Ballerup, Denmark",Global,Likely,Medium,Limited / role-dependent,Possible for selected specialist roles,Careers,https://www.leo-pharma.com/careers,Enterprise Architecture | Digital Transformation | ERP & Manufacturing Systems | Data & Analytics | IT Governance
51,Fresenius Kabi,Global Pharmaceuticals,"Bad Homburg, Germany",Global,Likely,Medium,Limited / role-dependent,Possible for selected specialist roles,Official site,https://karriere.fresenius.de/en-US,Enterprise Architecture | Digital Transformation | ERP & Manufacturing Systems | Data & Analytics | IT Governance
52,Hikma Pharmaceuticals,Global Pharmaceuticals,"London, UK",Middle East,Yes,Medium,Limited / role-dependent,Possible for selected specialist roles,Careers,https://www.hikma.com/careers/,Enterprise Architecture | Digital Transformation | ERP & Manufacturing Systems | Data & Analytics | IT Governance
53,Julphar,Global Pharmaceuticals,"Ras Al Khaimah, UAE",Middle East,Yes,Medium,Limited / role-dependent,Possible for selected specialist roles,Careers,https://www.julphar.net/en/careers,Enterprise Architecture | Digital Transformation | ERP & Manufacturing Systems | Data & Analytics | IT Governance
54,SPIMACO,Global Pharmaceuticals,"Riyadh, Saudi Arabia",Middle East,Yes,Medium,Limited / role-dependent,Possible for selected specialist roles,Careers,https://www.spimaco.com.sa/careers/,Enterprise Architecture | Digital Transformation | ERP & Manufacturing Systems | Data & Analytics | IT Governance
55,Avalon Pharma,Global Pharmaceuticals,"Riyadh, Saudi Arabia",Middle East,Yes,Medium,Limited / role-dependent,Possible for selected specialist roles,Careers,https://avalonpharmaceutical.com/careers/,Enterprise Architecture | Digital Transformation | ERP & Manufacturing Systems | Data & Analytics | IT Governance
56,Neopharma,Global Pharmaceuticals,"Abu Dhabi, UAE",Middle East,Yes,Medium,Limited / role-dependent,Possible for selected specialist roles,Careers,https://www.neopharma.com/careers/,Enterprise Architecture | Digital Transformation | ERP & Manufacturing Systems | Data & Analytics | IT Governance
57,Globalpharma,Global Pharmaceuticals,"Dubai, UAE",Middle East,Yes,Medium,Limited / role-dependent,Possible for selected specialist roles,Official site,https://globalpharma.ae/,Enterprise Architecture | Digital Transformation | ERP & Manufacturing Systems | Data & Analytics | IT Governance
58,Acino,Global Pharmaceuticals,"Zurich, Switzerland",Global,Likely,Medium,Limited / role-dependent,Possible for selected specialist roles,Careers,https://acino.swiss/careers/,Enterprise Architecture | Digital Transformation | ERP & Manufacturing Systems | Data & Analytics | IT Governance
59,Aspen Pharmacare,Global Pharmaceuticals,"Durban, South Africa",Africa,Yes,Medium,Limited / role-dependent,Possible for selected specialist roles,Careers,https://www.aspenpharma.com/careers/,Enterprise Architecture | Digital Transformation | ERP & Manufacturing Systems | Data & Analytics | IT Governance
60,Adcock Ingram,Global Pharmaceuticals,"Johannesburg, South Africa",Africa,Yes,Medium,Limited / role-dependent,Possible for selected specialist roles,Careers,https://www.adcock.co.za/careers/,Enterprise Architecture | Digital Transformation | ERP & Manufacturing Systems | Data & Analytics | IT Governance
61,Emcure Pharmaceuticals,Global Pharmaceuticals,"Pune, India",Global,Likely,Medium,Limited / role-dependent,Possible for selected specialist roles,Careers,https://www.emcure.com/careers/,Enterprise Architecture | Digital Transformation | ERP & Manufacturing Systems | Data & Analytics | IT Governance
62,Alembic Pharmaceuticals,Global Pharmaceuticals,"Vadodara, India",Global,Likely,Medium,Limited / role-dependent,Possible for selected specialist roles,Careers,https://alembicpharmaceuticals.com/careers/,Enterprise Architecture | Digital Transformation | ERP & Manufacturing Systems | Data & Analytics | IT Governance
63,Ajanta Pharma,Global Pharmaceuticals,"Mumbai, India",Global,Likely,Medium,Limited / role-dependent,Possible for selected specialist roles,Careers,https://www.ajantapharma.com/Careers.aspx,Enterprise Architecture | Digital Transformation | ERP & Manufacturing Systems | Data & Analytics | IT Governance
64,Macleods Pharmaceuticals,Global Pharmaceuticals,"Mumbai, India",Global,Likely,Medium,Limited / role-dependent,Possible for selected specialist roles,Careers,https://www.macleodspharma.com/careers/,Enterprise Architecture | Digital Transformation | ERP & Manufacturing Systems | Data & Analytics | IT Governance
65,Hetero,Global Pharmaceuticals,"Hyderabad, India",Global,Likely,Medium,Limited / role-dependent,Possible for selected specialist roles,Careers,https://www.heteroworld.com/careers,Enterprise Architecture | Digital Transformation | ERP & Manufacturing Systems | Data & Analytics | IT Governance
66,Wockhardt,Global Pharmaceuticals,"Mumbai, India",Global,Likely,Medium,Limited / role-dependent,Possible for selected specialist roles,Careers,https://www.wockhardt.com/careers/,Enterprise Architecture | Digital Transformation | ERP & Manufacturing Systems | Data & Analytics | IT Governance
67,Pharmascience,Global Pharmaceuticals,"Montreal, Canada",Global,Likely,Medium,Limited / role-dependent,Possible for selected specialist roles,Careers,https://www.pharmascience.com/careers/,Enterprise Architecture | Digital Transformation | ERP & Manufacturing Systems | Data & Analytics | IT Governance
68,Apotex,Global Pharmaceuticals,"Toronto, Canada",Global,Likely,Medium,Limited / role-dependent,Possible for selected specialist roles,Careers,https://www.apotex.com/global/careers,Enterprise Architecture | Digital Transformation | ERP & Manufacturing Systems | Data & Analytics | IT Governance
69,Bausch Health,Global Pharmaceuticals,"Laval, Canada",Global,Likely,Medium,Limited / role-dependent,Possible for selected specialist roles,Careers,https://jobs.bauschhealth.com/,Enterprise Architecture | Digital Transformation | ERP & Manufacturing Systems | Data & Analytics | IT Governance
70,Perrigo,Global Pharmaceuticals,"Dublin, Ireland",Global,Likely,Medium,Limited / role-dependent,Possible for selected specialist roles,Careers,https://www.perrigo.com/careers,Enterprise Architecture | Digital Transformation | ERP & Manufacturing Systems | Data & Analytics | IT Governance
71,Amgen,Biotechnology & Specialty Pharma,"Thousand Oaks, USA",Global,Varies,Medium,Often role-dependent,Possible for selected specialist roles,Careers,https://careers.amgen.com/,R&D Digital Platforms | Data Engineering | Cloud & Cybersecurity | Enterprise Applications | Technical Program Management
72,Gilead Sciences,Biotechnology & Specialty Pharma,"Foster City, USA",Global,Varies,Medium,Often role-dependent,Possible for selected specialist roles,Careers,https://www.gilead.com/careers,R&D Digital Platforms | Data Engineering | Cloud & Cybersecurity | Enterprise Applications | Technical Program Management
73,Regeneron Pharmaceuticals,Biotechnology & Specialty Pharma,"Tarrytown, USA",Global,Varies,Medium,Often role-dependent,Possible for selected specialist roles,Careers,https://careers.regeneron.com/,R&D Digital Platforms | Data Engineering | Cloud & Cybersecurity | Enterprise Applications | Technical Program Management
74,Moderna,Biotechnology & Specialty Pharma,"Cambridge, USA",Global,Varies,Medium,Often role-dependent,Possible for selected specialist roles,Careers,https://www.modernatx.com/en-US/careers,R&D Digital Platforms | Data Engineering | Cloud & Cybersecurity | Enterprise Applications | Technical Program Management
75,BioNTech,Biotechnology & Specialty Pharma,"Mainz, Germany",Global,Varies,Medium,Often role-dependent,Possible for selected specialist roles,Careers,https://careers.biontech.com/,R&D Digital Platforms | Data Engineering | Cloud & Cybersecurity | Enterprise Applications | Technical Program Management
76,Biogen,Biotechnology & Specialty Pharma,"Cambridge, USA",Global,Varies,Medium,Often role-dependent,Possible for selected specialist roles,Careers,https://careers.biogen.com/,R&D Digital Platforms | Data Engineering | Cloud & Cybersecurity | Enterprise Applications | Technical Program Management
77,Vertex Pharmaceuticals,Biotechnology & Specialty Pharma,"Boston, USA",Global,Varies,Medium,Often role-dependent,Possible for selected specialist roles,Careers,https://www.vrtx.com/careers/,R&D Digital Platforms | Data Engineering | Cloud & Cybersecurity | Enterprise Applications | Technical Program Management
78,BeOne Medicines,Biotechnology & Specialty Pharma,"Basel, Switzerland",Global,Varies,Medium,Often role-dependent,Possible for selected specialist roles,Careers,https://beonemedicines.com/careers/,R&D Digital Platforms | Data Engineering | Cloud & Cybersecurity | Enterprise Applications | Technical Program Management
79,Alnylam Pharmaceuticals,Biotechnology & Specialty Pharma,"Cambridge, USA",Global,Varies,Medium,Often role-dependent,Possible for selected specialist roles,Careers,https://www.alnylam.com/careers,R&D Digital Platforms | Data Engineering | Cloud & Cybersecurity | Enterprise Applications | Technical Program Management
80,Incyte,Biotechnology & Specialty Pharma,"Wilmington, USA",Global,Varies,Medium,Often role-dependent,Possible for selected specialist roles,Careers,https://careers.incyte.com/,R&D Digital Platforms | Data Engineering | Cloud & Cybersecurity | Enterprise Applications | Technical Program Management
81,argenx,Biotechnology & Specialty Pharma,"Ghent, Belgium",Global,Varies,Medium,Often role-dependent,Possible for selected specialist roles,Careers,https://www.argenx.com/careers,R&D Digital Platforms | Data Engineering | Cloud & Cybersecurity | Enterprise Applications | Technical Program Management
82,BioMarin Pharmaceutical,Biotechnology & Specialty Pharma,"San Rafael, USA",Global,Varies,Medium,Often role-dependent,Possible for selected specialist roles,Careers,https://careers.biomarin.com/,R&D Digital Platforms | Data Engineering | Cloud & Cybersecurity | Enterprise Applications | Technical Program Management
83,Sarepta Therapeutics,Biotechnology & Specialty Pharma,"Cambridge, USA",Global,Varies,Medium,Often role-dependent,Possible for selected specialist roles,Careers,https://www.sarepta.com/careers,R&D Digital Platforms | Data Engineering | Cloud & Cybersecurity | Enterprise Applications | Technical Program Management
84,CRISPR Therapeutics,Biotechnology & Specialty Pharma,"Zug, Switzerland",Global,Varies,Medium,Often role-dependent,Possible for selected specialist roles,Careers,https://www.crisprtx.com/careers,R&D Digital Platforms | Data Engineering | Cloud & Cybersecurity | Enterprise Applications | Technical Program Management
85,Intellia Therapeutics,Biotechnology & Specialty Pharma,"Cambridge, USA",Global,Varies,Medium,Often role-dependent,Possible for selected specialist roles,Careers,https://www.intelliatx.com/careers/,R&D Digital Platforms | Data Engineering | Cloud & Cybersecurity | Enterprise Applications | Technical Program Management
86,Editas Medicine,Biotechnology & Specialty Pharma,"Cambridge, USA",Global,Varies,Medium,Often role-dependent,Possible for selected specialist roles,Careers,https://www.editasmedicine.com/careers/,R&D Digital Platforms | Data Engineering | Cloud & Cybersecurity | Enterprise Applications | Technical Program Management
87,Beam Therapeutics,Biotechnology & Specialty Pharma,"Cambridge, USA",Global,Varies,Medium,Often role-dependent,Possible for selected specialist roles,Careers,https://beamtx.com/careers/,R&D Digital Platforms | Data Engineering | Cloud & Cybersecurity | Enterprise Applications | Technical Program Management
88,Ultragenyx Pharmaceutical,Biotechnology & Specialty Pharma,"Novato, USA",Global,Varies,Medium,Often role-dependent,Possible for selected specialist roles,Careers,https://careers.ultragenyx.com/,R&D Digital Platforms | Data Engineering | Cloud & Cybersecurity | Enterprise Applications | Technical Program Management
89,Ascendis Pharma,Biotechnology & Specialty Pharma,"Hellerup, Denmark",Global,Varies,Medium,Often role-dependent,Possible for selected specialist roles,Careers,https://ascendispharma.com/careers/,R&D Digital Platforms | Data Engineering | Cloud & Cybersecurity | Enterprise Applications | Technical Program Management
90,Genmab,Biotechnology & Specialty Pharma,"Copenhagen, Denmark",Global,Varies,Medium,Often role-dependent,Possible for selected specialist roles,Careers,https://www.genmab.com/careers,R&D Digital Platforms | Data Engineering | Cloud & Cybersecurity | Enterprise Applications | Technical Program Management
91,Legend Biotech,Biotechnology & Specialty Pharma,"Somerset, USA",Global,Varies,Medium,Often role-dependent,Possible for selected specialist roles,Careers,https://legendbiotech.com/careers/,R&D Digital Platforms | Data Engineering | Cloud & Cybersecurity | Enterprise Applications | Technical Program Management
92,Zai Lab,Biotechnology & Specialty Pharma,"Shanghai, China",Global,Varies,Medium,Often role-dependent,Possible for selected specialist roles,Careers,https://www.zailaboratory.com/careers/,R&D Digital Platforms | Data Engineering | Cloud & Cybersecurity | Enterprise Applications | Technical Program Management
93,Jazz Pharmaceuticals,Biotechnology & Specialty Pharma,"Dublin, Ireland",Global,Varies,Medium,Often role-dependent,Possible for selected specialist roles,Careers,https://careers.jazzpharma.com/,R&D Digital Platforms | Data Engineering | Cloud & Cybersecurity | Enterprise Applications | Technical Program Management
94,Neurocrine Biosciences,Biotechnology & Specialty Pharma,"San Diego, USA",Global,Varies,Medium,Often role-dependent,Possible for selected specialist roles,Careers,https://careers.neurocrine.com/,R&D Digital Platforms | Data Engineering | Cloud & Cybersecurity | Enterprise Applications | Technical Program Management
95,Exelixis,Biotechnology & Specialty Pharma,"Alameda, USA",Global,Varies,Medium,Often role-dependent,Possible for selected specialist roles,Careers,https://www.exelixis.com/careers/,R&D Digital Platforms | Data Engineering | Cloud & Cybersecurity | Enterprise Applications | Technical Program Management
96,Blueprint Medicines,Biotechnology & Specialty Pharma,"Cambridge, USA",Global,Varies,Medium,Often role-dependent,Possible for selected specialist roles,Careers,https://www.blueprintmedicines.com/careers/,R&D Digital Platforms | Data Engineering | Cloud & Cybersecurity | Enterprise Applications | Technical Program Management
97,Immunocore,Biotechnology & Specialty Pharma,"Abingdon, UK",Global,Varies,Medium,Often role-dependent,Possible for selected specialist roles,Careers,https://www.immunocore.com/careers,R&D Digital Platforms | Data Engineering | Cloud & Cybersecurity | Enterprise Applications | Technical Program Management
98,Adaptive Biotechnologies,Biotechnology & Specialty Pharma,"Seattle, USA",Global,Varies,Medium,Often role-dependent,Possible for selected specialist roles,Careers,https://www.adaptivebiotech.com/careers/,R&D Digital Platforms | Data Engineering | Cloud & Cybersecurity | Enterprise Applications | Technical Program Management
99,AbCellera,Biotechnology & Specialty Pharma,"Vancouver, Canada",Global,Varies,Medium,Often role-dependent,Possible for selected specialist roles,Careers,https://www.abcellera.com/careers,R&D Digital Platforms | Data Engineering | Cloud & Cybersecurity | Enterprise Applications | Technical Program Management
100,Recursion,Biotechnology & Specialty Pharma,"Salt Lake City, USA",Global,Varies,Medium,Often role-dependent,Possible for selected specialist roles,Careers,https://www.recursion.com/careers,R&D Digital Platforms | Data Engineering | Cloud & Cybersecurity | Enterprise Applications | Technical Program Management
101,Schrödinger,Biotechnology & Specialty Pharma,"New York, USA",Global,Varies,Medium,Often role-dependent,Possible for selected specialist roles,Careers,https://www.schrodinger.com/careers/,R&D Digital Platforms | Data Engineering | Cloud & Cybersecurity | Enterprise Applications | Technical Program Management
102,Twist Bioscience,Biotechnology & Specialty Pharma,"South San Francisco, USA",Global,Varies,Medium,Often role-dependent,Possible for selected specialist roles,Careers,https://www.twistbioscience.com/company/careers,R&D Digital Platforms | Data Engineering | Cloud & Cybersecurity | Enterprise Applications | Technical Program Management
103,Ginkgo Bioworks,Biotechnology & Specialty Pharma,"Boston, USA",Global,Varies,Medium,Often role-dependent,Possible for selected specialist roles,Careers,https://www.ginkgobioworks.com/careers/,R&D Digital Platforms | Data Engineering | Cloud & Cybersecurity | Enterprise Applications | Technical Program Management
104,Insmed,Biotechnology & Specialty Pharma,"Bridgewater, USA",Global,Varies,Medium,Often role-dependent,Possible for selected specialist roles,Careers,https://careers.insmed.com/,R&D Digital Platforms | Data Engineering | Cloud & Cybersecurity | Enterprise Applications | Technical Program Management
105,Vaxcyte,Biotechnology & Specialty Pharma,"San Carlos, USA",Global,Varies,Medium,Often role-dependent,Possible for selected specialist roles,Careers,https://www.vaxcyte.com/careers/,R&D Digital Platforms | Data Engineering | Cloud & Cybersecurity | Enterprise Applications | Technical Program Management
106,Apellis Pharmaceuticals,Biotechnology & Specialty Pharma,"Waltham, USA",Global,Varies,Medium,Often role-dependent,Possible for selected specialist roles,Careers,https://apellis.com/careers/,R&D Digital Platforms | Data Engineering | Cloud & Cybersecurity | Enterprise Applications | Technical Program Management
107,Prothena,Biotechnology & Specialty Pharma,"Dublin, Ireland",Global,Varies,Medium,Often role-dependent,Possible for selected specialist roles,Careers,https://www.prothena.com/careers/,R&D Digital Platforms | Data Engineering | Cloud & Cybersecurity | Enterprise Applications | Technical Program Management
108,Ionis Pharmaceuticals,Biotechnology & Specialty Pharma,"Carlsbad, USA",Global,Varies,Medium,Often role-dependent,Possible for selected specialist roles,Careers,https://www.ionis.com/careers/,R&D Digital Platforms | Data Engineering | Cloud & Cybersecurity | Enterprise Applications | Technical Program Management
109,Halozyme Therapeutics,Biotechnology & Specialty Pharma,"San Diego, USA",Global,Varies,Medium,Often role-dependent,Possible for selected specialist roles,Careers,https://www.halozyme.com/careers/,R&D Digital Platforms | Data Engineering | Cloud & Cybersecurity | Enterprise Applications | Technical Program Management
110,Madrigal Pharmaceuticals,Biotechnology & Specialty Pharma,"West Conshohocken, USA",Global,Varies,Medium,Often role-dependent,Possible for selected specialist roles,Careers,https://www.madrigalpharma.com/careers/,R&D Digital Platforms | Data Engineering | Cloud & Cybersecurity | Enterprise Applications | Technical Program Management
111,Kiniksa Pharmaceuticals,Biotechnology & Specialty Pharma,"Hamilton, Bermuda",Global,Varies,Medium,Often role-dependent,Possible for selected specialist roles,Careers,https://www.kiniksa.com/careers/,R&D Digital Platforms | Data Engineering | Cloud & Cybersecurity | Enterprise Applications | Technical Program Management
112,Krystal Biotech,Biotechnology & Specialty Pharma,"Pittsburgh, USA",Global,Varies,Medium,Often role-dependent,Possible for selected specialist roles,Careers,https://www.krystalbio.com/careers/,R&D Digital Platforms | Data Engineering | Cloud & Cybersecurity | Enterprise Applications | Technical Program Management
113,Vera Therapeutics,Biotechnology & Specialty Pharma,"Brisbane, USA",Global,Varies,Medium,Often role-dependent,Possible for selected specialist roles,Careers,https://veratx.com/careers/,R&D Digital Platforms | Data Engineering | Cloud & Cybersecurity | Enterprise Applications | Technical Program Management
114,Revolution Medicines,Biotechnology & Specialty Pharma,"Redwood City, USA",Global,Varies,Medium,Often role-dependent,Possible for selected specialist roles,Careers,https://www.revmed.com/careers/,R&D Digital Platforms | Data Engineering | Cloud & Cybersecurity | Enterprise Applications | Technical Program Management
115,Kymera Therapeutics,Biotechnology & Specialty Pharma,"Watertown, USA",Global,Varies,Medium,Often role-dependent,Possible for selected specialist roles,Careers,https://www.kymeratx.com/careers/,R&D Digital Platforms | Data Engineering | Cloud & Cybersecurity | Enterprise Applications | Technical Program Management
116,Arcellx,Biotechnology & Specialty Pharma,"Redwood City, USA",Global,Varies,Medium,Often role-dependent,Possible for selected specialist roles,Careers,https://www.arcellx.com/careers/,R&D Digital Platforms | Data Engineering | Cloud & Cybersecurity | Enterprise Applications | Technical Program Management
117,Caribou Biosciences,Biotechnology & Specialty Pharma,"Berkeley, USA",Global,Varies,Medium,Often role-dependent,Possible for selected specialist roles,Careers,https://www.cariboubio.com/careers/,R&D Digital Platforms | Data Engineering | Cloud & Cybersecurity | Enterprise Applications | Technical Program Management
118,Sana Biotechnology,Biotechnology & Specialty Pharma,"Seattle, USA",Global,Varies,Medium,Often role-dependent,Possible for selected specialist roles,Careers,https://sana.com/careers/,R&D Digital Platforms | Data Engineering | Cloud & Cybersecurity | Enterprise Applications | Technical Program Management
119,Fate Therapeutics,Biotechnology & Specialty Pharma,"San Diego, USA",Global,Varies,Medium,Often role-dependent,Possible for selected specialist roles,Careers,https://fatetherapeutics.com/careers/,R&D Digital Platforms | Data Engineering | Cloud & Cybersecurity | Enterprise Applications | Technical Program Management
120,Vir Biotechnology,Biotechnology & Specialty Pharma,"San Francisco, USA",Global,Varies,Medium,Often role-dependent,Possible for selected specialist roles,Careers,https://www.vir.bio/careers/,R&D Digital Platforms | Data Engineering | Cloud & Cybersecurity | Enterprise Applications | Technical Program Management
121,Medtronic,Medical Devices & Equipment,"Galway, Ireland",Global,Likely,High,Limited / role-dependent,Possible for selected specialist roles,Careers,https://www.medtronic.com/en-us/our-company/careers.html,Digital Health Platforms | Systems Integration | Enterprise Applications | Service Technology | Data Platforms
122,Abbott,Medical Devices & Equipment,"Abbott Park, USA",Global,Likely,High,Limited / role-dependent,Possible for selected specialist roles,Careers,https://www.jobs.abbott/,Digital Health Platforms | Systems Integration | Enterprise Applications | Service Technology | Data Platforms
123,Boston Scientific,Medical Devices & Equipment,"Marlborough, USA",Global,Likely,High,Limited / role-dependent,Possible for selected specialist roles,Careers,https://jobs.bostonscientific.com/,Digital Health Platforms | Systems Integration | Enterprise Applications | Service Technology | Data Platforms
124,Stryker,Medical Devices & Equipment,"Portage, USA",Global,Likely,High,Limited / role-dependent,Possible for selected specialist roles,Careers,https://careers.stryker.com/,Digital Health Platforms | Systems Integration | Enterprise Applications | Service Technology | Data Platforms
125,"Becton, Dickinson and Company",Medical Devices & Equipment,"Franklin Lakes, USA",Global,Likely,High,Limited / role-dependent,Possible for selected specialist roles,Careers,https://jobs.bd.com/,Digital Health Platforms | Systems Integration | Enterprise Applications | Service Technology | Data Platforms
126,Baxter International,Medical Devices & Equipment,"Deerfield, USA",Global,Likely,High,Limited / role-dependent,Possible for selected specialist roles,Careers,https://jobs.baxter.com/,Digital Health Platforms | Systems Integration | Enterprise Applications | Service Technology | Data Platforms
127,Edwards Lifesciences,Medical Devices & Equipment,"Irvine, USA",Global,Likely,High,Limited / role-dependent,Possible for selected specialist roles,Careers,https://www.edwards.com/careers,Digital Health Platforms | Systems Integration | Enterprise Applications | Service Technology | Data Platforms
128,Intuitive Surgical,Medical Devices & Equipment,"Sunnyvale, USA",Global,Likely,High,Limited / role-dependent,Possible for selected specialist roles,Careers,https://careers.intuitive.com/,Digital Health Platforms | Systems Integration | Enterprise Applications | Service Technology | Data Platforms
129,Zimmer Biomet,Medical Devices & Equipment,"Warsaw, USA",Global,Likely,High,Limited / role-dependent,Possible for selected specialist roles,Careers,https://careers.zimmerbiomet.com/,Digital Health Platforms | Systems Integration | Enterprise Applications | Service Technology | Data Platforms
130,Smith+Nephew,Medical Devices & Equipment,"Watford, UK",Global,Likely,High,Limited / role-dependent,Possible for selected specialist roles,Careers,https://careers.smith-nephew.com/,Digital Health Platforms | Systems Integration | Enterprise Applications | Service Technology | Data Platforms
131,Alcon,Medical Devices & Equipment,"Geneva, Switzerland",Global,Likely,High,Limited / role-dependent,Possible for selected specialist roles,Careers,https://www.alcon.com/careers,Digital Health Platforms | Systems Integration | Enterprise Applications | Service Technology | Data Platforms
132,The CooperCompanies,Medical Devices & Equipment,"San Ramon, USA",Global,Likely,High,Limited / role-dependent,Possible for selected specialist roles,Careers,https://www.coopercos.com/careers,Digital Health Platforms | Systems Integration | Enterprise Applications | Service Technology | Data Platforms
133,ResMed,Medical Devices & Equipment,"San Diego, USA",Global,Likely,High,Limited / role-dependent,Possible for selected specialist roles,Careers,https://careers.resmed.com/,Digital Health Platforms | Systems Integration | Enterprise Applications | Service Technology | Data Platforms
134,Insulet,Medical Devices & Equipment,"Acton, USA",Global,Likely,High,Limited / role-dependent,Possible for selected specialist roles,Careers,https://careers.insulet.com/,Digital Health Platforms | Systems Integration | Enterprise Applications | Service Technology | Data Platforms
135,Dexcom,Medical Devices & Equipment,"San Diego, USA",Global,Likely,High,Limited / role-dependent,Possible for selected specialist roles,Careers,https://careers.dexcom.com/,Digital Health Platforms | Systems Integration | Enterprise Applications | Service Technology | Data Platforms
136,Tandem Diabetes Care,Medical Devices & Equipment,"San Diego, USA",Global,Likely,High,Limited / role-dependent,Possible for selected specialist roles,Careers,https://www.tandemdiabetes.com/careers,Digital Health Platforms | Systems Integration | Enterprise Applications | Service Technology | Data Platforms
137,Penumbra,Medical Devices & Equipment,"Alameda, USA",Global,Likely,High,Limited / role-dependent,Possible for selected specialist roles,Careers,https://www.penumbrainc.com/careers/,Digital Health Platforms | Systems Integration | Enterprise Applications | Service Technology | Data Platforms
138,Integra LifeSciences,Medical Devices & Equipment,"Princeton, USA",Global,Likely,High,Limited / role-dependent,Possible for selected specialist roles,Careers,https://careers.integralife.com/,Digital Health Platforms | Systems Integration | Enterprise Applications | Service Technology | Data Platforms
139,Masimo,Medical Devices & Equipment,"Irvine, USA",Global,Likely,High,Limited / role-dependent,Possible for selected specialist roles,Careers,https://www.masimo.com/company/careers/,Digital Health Platforms | Systems Integration | Enterprise Applications | Service Technology | Data Platforms
140,Align Technology,Medical Devices & Equipment,"Tempe, USA",Global,Likely,High,Limited / role-dependent,Possible for selected specialist roles,Careers,https://jobs.aligntech.com/,Digital Health Platforms | Systems Integration | Enterprise Applications | Service Technology | Data Platforms
141,Envista Holdings,Medical Devices & Equipment,"Brea, USA",Global,Likely,High,Limited / role-dependent,Possible for selected specialist roles,Careers,https://careers.envistaco.com/,Digital Health Platforms | Systems Integration | Enterprise Applications | Service Technology | Data Platforms
142,Straumann Group,Medical Devices & Equipment,"Basel, Switzerland",Global,Likely,High,Limited / role-dependent,Possible for selected specialist roles,Careers,https://careers.straumann.com/,Digital Health Platforms | Systems Integration | Enterprise Applications | Service Technology | Data Platforms
143,Dentsply Sirona,Medical Devices & Equipment,"Charlotte, USA",Global,Likely,High,Limited / role-dependent,Possible for selected specialist roles,Careers,https://careers.dentsplysirona.com/,Digital Health Platforms | Systems Integration | Enterprise Applications | Service Technology | Data Platforms
144,Henry Schein,Medical Devices & Equipment,"Melville, USA",Global,Likely,High,Limited / role-dependent,Possible for selected specialist roles,Careers,https://careers.henryschein.com/,Digital Health Platforms | Systems Integration | Enterprise Applications | Service Technology | Data Platforms
145,Olympus,Medical Devices & Equipment,"Tokyo, Japan",Global,Likely,High,Limited / role-dependent,Possible for selected specialist roles,Careers,https://www.olympus-global.com/company/recruit/,Digital Health Platforms | Systems Integration | Enterprise Applications | Service Technology | Data Platforms
146,Terumo,Medical Devices & Equipment,"Tokyo, Japan",Global,Likely,High,Limited / role-dependent,Possible for selected specialist roles,Careers,https://www.terumo.com/careers,Digital Health Platforms | Systems Integration | Enterprise Applications | Service Technology | Data Platforms
147,Nipro,Medical Devices & Equipment,"Osaka, Japan",Global,Likely,High,Limited / role-dependent,Possible for selected specialist roles,Careers,https://www.nipro-group.com/en/careers/,Digital Health Platforms | Systems Integration | Enterprise Applications | Service Technology | Data Platforms
148,Getinge,Medical Devices & Equipment,"Gothenburg, Sweden",Global,Likely,High,Limited / role-dependent,Possible for selected specialist roles,Careers,https://www.getinge.com/int/careers/,Digital Health Platforms | Systems Integration | Enterprise Applications | Service Technology | Data Platforms
149,Dräger,Medical Devices & Equipment,"Lübeck, Germany",Global,Likely,High,Limited / role-dependent,Possible for selected specialist roles,Careers,https://www.draeger.com/en-us_us/Career,Digital Health Platforms | Systems Integration | Enterprise Applications | Service Technology | Data Platforms
150,Elekta,Medical Devices & Equipment,"Stockholm, Sweden",Global,Likely,High,Limited / role-dependent,Possible for selected specialist roles,Careers,https://www.elekta.com/company/careers/,Digital Health Platforms | Systems Integration | Enterprise Applications | Service Technology | Data Platforms
151,Siemens Healthineers,Medical Devices & Equipment,"Erlangen, Germany",Global,Likely,High,Limited / role-dependent,Possible for selected specialist roles,Careers,https://www.siemens-healthineers.com/careers,Digital Health Platforms | Systems Integration | Enterprise Applications | Service Technology | Data Platforms
152,GE HealthCare,Medical Devices & Equipment,"Chicago, USA",Global,Likely,High,Limited / role-dependent,Possible for selected specialist roles,Careers,https://careers.gehealthcare.com/,Digital Health Platforms | Systems Integration | Enterprise Applications | Service Technology | Data Platforms
153,Philips,Medical Devices & Equipment,"Amsterdam, Netherlands",Global,Likely,High,Limited / role-dependent,Possible for selected specialist roles,Careers,https://www.careers.philips.com/,Digital Health Platforms | Systems Integration | Enterprise Applications | Service Technology | Data Platforms
154,Canon Medical Systems,Medical Devices & Equipment,"Otawara, Japan",Global,Likely,High,Limited / role-dependent,Possible for selected specialist roles,Careers,https://global.medical.canon/about/careers,Digital Health Platforms | Systems Integration | Enterprise Applications | Service Technology | Data Platforms
155,Fujifilm Healthcare,Medical Devices & Equipment,"Tokyo, Japan",Global,Likely,High,Limited / role-dependent,Possible for selected specialist roles,Careers,https://careers-us.fujifilm.com/,Digital Health Platforms | Systems Integration | Enterprise Applications | Service Technology | Data Platforms
156,Samsung Medison,Medical Devices & Equipment,"Seoul, South Korea",Asia,Likely,High,Limited / role-dependent,Possible for selected specialist roles,Careers,https://www.samsungmedison.com/careers,Digital Health Platforms | Systems Integration | Enterprise Applications | Service Technology | Data Platforms
157,Mindray,Medical Devices & Equipment,"Shenzhen, China",Global,Likely,High,Limited / role-dependent,Possible for selected specialist roles,Careers,https://www.mindray.com/en/career,Digital Health Platforms | Systems Integration | Enterprise Applications | Service Technology | Data Platforms
158,Sonova,Medical Devices & Equipment,"Stäfa, Switzerland",Global,Likely,High,Limited / role-dependent,Possible for selected specialist roles,Careers,https://www.sonova.com/en/careers,Digital Health Platforms | Systems Integration | Enterprise Applications | Service Technology | Data Platforms
159,Demant,Medical Devices & Equipment,"Smørum, Denmark",Global,Likely,High,Limited / role-dependent,Possible for selected specialist roles,Careers,https://www.demant.com/careers,Digital Health Platforms | Systems Integration | Enterprise Applications | Service Technology | Data Platforms
160,Cochlear,Medical Devices & Equipment,"Sydney, Australia",Global,Likely,High,Limited / role-dependent,Possible for selected specialist roles,Careers,https://careers.cochlear.com/,Digital Health Platforms | Systems Integration | Enterprise Applications | Service Technology | Data Platforms
161,GN Group,Medical Devices & Equipment,"Ballerup, Denmark",Global,Likely,High,Limited / role-dependent,Possible for selected specialist roles,Careers,https://www.gn.com/careers,Digital Health Platforms | Systems Integration | Enterprise Applications | Service Technology | Data Platforms
162,WS Audiology,Medical Devices & Equipment,"Lynge, Denmark",Global,Likely,High,Limited / role-dependent,Possible for selected specialist roles,Careers,https://www.wsa.com/careers/,Digital Health Platforms | Systems Integration | Enterprise Applications | Service Technology | Data Platforms
163,Integer Holdings,Medical Devices & Equipment,"Plano, USA",Global,Likely,High,Limited / role-dependent,Possible for selected specialist roles,Careers,https://integer.net/careers/,Digital Health Platforms | Systems Integration | Enterprise Applications | Service Technology | Data Platforms
164,Teleflex,Medical Devices & Equipment,"Wayne, USA",Global,Likely,High,Limited / role-dependent,Possible for selected specialist roles,Careers,https://careers.teleflex.com/,Digital Health Platforms | Systems Integration | Enterprise Applications | Service Technology | Data Platforms
165,ICU Medical,Medical Devices & Equipment,"San Clemente, USA",Global,Likely,High,Limited / role-dependent,Possible for selected specialist roles,Careers,https://careers.icumed.com/,Digital Health Platforms | Systems Integration | Enterprise Applications | Service Technology | Data Platforms
166,Merit Medical Systems,Medical Devices & Equipment,"South Jordan, USA",Global,Likely,High,Limited / role-dependent,Possible for selected specialist roles,Careers,https://www.merit.com/careers/,Digital Health Platforms | Systems Integration | Enterprise Applications | Service Technology | Data Platforms
167,Haemonetics,Medical Devices & Equipment,"Boston, USA",Global,Likely,High,Limited / role-dependent,Possible for selected specialist roles,Careers,https://careers.haemonetics.com/,Digital Health Platforms | Systems Integration | Enterprise Applications | Service Technology | Data Platforms
168,Globus Medical,Medical Devices & Equipment,"Audubon, USA",Global,Likely,High,Limited / role-dependent,Possible for selected specialist roles,Careers,https://www.globusmedical.com/about/careers/,Digital Health Platforms | Systems Integration | Enterprise Applications | Service Technology | Data Platforms
169,LivaNova,Medical Devices & Equipment,"London, UK",Global,Likely,High,Limited / role-dependent,Possible for selected specialist roles,Careers,https://careers.livanova.com/,Digital Health Platforms | Systems Integration | Enterprise Applications | Service Technology | Data Platforms
170,ConvaTec,Medical Devices & Equipment,"London, UK",Global,Likely,High,Limited / role-dependent,Possible for selected specialist roles,Careers,https://careers.convatec.com/,Digital Health Platforms | Systems Integration | Enterprise Applications | Service Technology | Data Platforms
171,Coloplast,Medical Devices & Equipment,"Humlebæk, Denmark",Global,Likely,High,Limited / role-dependent,Possible for selected specialist roles,Careers,https://careers.coloplast.com/,Digital Health Platforms | Systems Integration | Enterprise Applications | Service Technology | Data Platforms
172,Essity Health & Medical,Medical Devices & Equipment,"Stockholm, Sweden",Global,Likely,High,Limited / role-dependent,Possible for selected specialist roles,Careers,https://www.essity.com/careers/,Digital Health Platforms | Systems Integration | Enterprise Applications | Service Technology | Data Platforms
173,HARTMANN Group,Medical Devices & Equipment,"Heidenheim, Germany",Global,Likely,High,Limited / role-dependent,Possible for selected specialist roles,Careers,https://www.hartmann.info/en-corp/career,Digital Health Platforms | Systems Integration | Enterprise Applications | Service Technology | Data Platforms
174,B. Braun,Medical Devices & Equipment,"Melsungen, Germany",Global,Likely,High,Limited / role-dependent,Possible for selected specialist roles,Careers,https://www.bbraun.com/en/career.html,Digital Health Platforms | Systems Integration | Enterprise Applications | Service Technology | Data Platforms
175,Fresenius Medical Care,Medical Devices & Equipment,"Bad Homburg, Germany",Global,Likely,High,Limited / role-dependent,Possible for selected specialist roles,Careers,https://jobs.freseniusmedicalcare.com/,Digital Health Platforms | Systems Integration | Enterprise Applications | Service Technology | Data Platforms
176,Nikkiso,Medical Devices & Equipment,"Tokyo, Japan",Global,Likely,High,Limited / role-dependent,Possible for selected specialist roles,Careers,https://www.nikkiso.com/careers/,Digital Health Platforms | Systems Integration | Enterprise Applications | Service Technology | Data Platforms
177,ZOLL Medical,Medical Devices & Equipment,"Chelmsford, USA",Global,Likely,High,Limited / role-dependent,Possible for selected specialist roles,Careers,https://www.zoll.com/about-zoll/careers,Digital Health Platforms | Systems Integration | Enterprise Applications | Service Technology | Data Platforms
178,Arthrex,Medical Devices & Equipment,"Naples, USA",Global,Likely,High,Limited / role-dependent,Possible for selected specialist roles,Careers,https://careers.arthrex.com/,Digital Health Platforms | Systems Integration | Enterprise Applications | Service Technology | Data Platforms
179,Cook Medical,Medical Devices & Equipment,"Bloomington, USA",Global,Likely,High,Limited / role-dependent,Possible for selected specialist roles,Careers,https://www.cookmedical.com/about/careers/,Digital Health Platforms | Systems Integration | Enterprise Applications | Service Technology | Data Platforms
180,Ambu,Medical Devices & Equipment,"Ballerup, Denmark",Global,Likely,High,Limited / role-dependent,Possible for selected specialist roles,Careers,https://www.ambu.com/careers,Digital Health Platforms | Systems Integration | Enterprise Applications | Service Technology | Data Platforms
181,Roche Diagnostics,"Diagnostics, Laboratory & Life Science Tools","Rotkreuz, Switzerland",Global,Likely,High,Limited / role-dependent,Possible for selected specialist roles,Careers,https://careers.roche.com/,Laboratory Informatics | LIMS | Enterprise Systems | Data & AI | Cybersecurity
182,Danaher,"Diagnostics, Laboratory & Life Science Tools","Washington, DC, USA",Global,Likely,High,Limited / role-dependent,Possible for selected specialist roles,Careers,https://jobs.danaher.com/,Laboratory Informatics | LIMS | Enterprise Systems | Data & AI | Cybersecurity
183,Thermo Fisher Scientific,"Diagnostics, Laboratory & Life Science Tools","Waltham, USA",Global,Likely,High,Limited / role-dependent,Possible for selected specialist roles,Careers,https://jobs.thermofisher.com/,Laboratory Informatics | LIMS | Enterprise Systems | Data & AI | Cybersecurity
184,Agilent Technologies,"Diagnostics, Laboratory & Life Science Tools","Santa Clara, USA",Global,Likely,High,Limited / role-dependent,Possible for selected specialist roles,Careers,https://careers.agilent.com/,Laboratory Informatics | LIMS | Enterprise Systems | Data & AI | Cybersecurity
185,Bio-Rad Laboratories,"Diagnostics, Laboratory & Life Science Tools","Hercules, USA",Global,Likely,High,Limited / role-dependent,Possible for selected specialist roles,Careers,https://careers.bio-rad.com/,Laboratory Informatics | LIMS | Enterprise Systems | Data & AI | Cybersecurity
186,QIAGEN,"Diagnostics, Laboratory & Life Science Tools","Venlo, Netherlands",Global,Likely,High,Limited / role-dependent,Possible for selected specialist roles,Careers,https://careers.qiagen.com/,Laboratory Informatics | LIMS | Enterprise Systems | Data & AI | Cybersecurity
187,bioMérieux,"Diagnostics, Laboratory & Life Science Tools","Marcy-l'Étoile, France",Global,Likely,High,Limited / role-dependent,Possible for selected specialist roles,Careers,https://careers.biomerieux.com/,Laboratory Informatics | LIMS | Enterprise Systems | Data & AI | Cybersecurity
188,Revvity,"Diagnostics, Laboratory & Life Science Tools","Waltham, USA",Global,Likely,High,Limited / role-dependent,Possible for selected specialist roles,Careers,https://jobs.revvity.com/,Laboratory Informatics | LIMS | Enterprise Systems | Data & AI | Cybersecurity
189,Waters Corporation,"Diagnostics, Laboratory & Life Science Tools","Milford, USA",Global,Likely,High,Limited / role-dependent,Possible for selected specialist roles,Careers,https://careers.waters.com/,Laboratory Informatics | LIMS | Enterprise Systems | Data & AI | Cybersecurity
190,Bruker,"Diagnostics, Laboratory & Life Science Tools","Billerica, USA",Global,Likely,High,Limited / role-dependent,Possible for selected specialist roles,Careers,https://www.bruker.com/en/about/careers.html,Laboratory Informatics | LIMS | Enterprise Systems | Data & AI | Cybersecurity
191,Illumina,"Diagnostics, Laboratory & Life Science Tools","San Diego, USA",Global,Likely,High,Limited / role-dependent,Possible for selected specialist roles,Careers,https://careers.illumina.com/,Laboratory Informatics | LIMS | Enterprise Systems | Data & AI | Cybersecurity
192,Sysmex,"Diagnostics, Laboratory & Life Science Tools","Kobe, Japan",Global,Likely,High,Limited / role-dependent,Possible for selected specialist roles,Careers,https://www.sysmex.co.jp/en/corporate/recruit/,Laboratory Informatics | LIMS | Enterprise Systems | Data & AI | Cybersecurity
193,DiaSorin,"Diagnostics, Laboratory & Life Science Tools","Saluggia, Italy",Global,Likely,High,Limited / role-dependent,Possible for selected specialist roles,Careers,https://www.diasorin.com/en/careers,Laboratory Informatics | LIMS | Enterprise Systems | Data & AI | Cybersecurity
194,Werfen,"Diagnostics, Laboratory & Life Science Tools","Barcelona, Spain",Global,Likely,High,Limited / role-dependent,Possible for selected specialist roles,Careers,https://www.werfen.com/careers,Laboratory Informatics | LIMS | Enterprise Systems | Data & AI | Cybersecurity
195,QuidelOrtho,"Diagnostics, Laboratory & Life Science Tools","San Diego, USA",Global,Likely,High,Limited / role-dependent,Possible for selected specialist roles,Careers,https://careers.quidelortho.com/,Laboratory Informatics | LIMS | Enterprise Systems | Data & AI | Cybersecurity
196,Randox Laboratories,"Diagnostics, Laboratory & Life Science Tools","Crumlin, UK",Global,Likely,High,Limited / role-dependent,Possible for selected specialist roles,Careers,https://www.randox.com/careers/,Laboratory Informatics | LIMS | Enterprise Systems | Data & AI | Cybersecurity
197,Fujirebio,"Diagnostics, Laboratory & Life Science Tools","Tokyo, Japan",Global,Likely,High,Limited / role-dependent,Possible for selected specialist roles,Careers,https://www.fujirebio.com/en/careers,Laboratory Informatics | LIMS | Enterprise Systems | Data & AI | Cybersecurity
198,Seegene,"Diagnostics, Laboratory & Life Science Tools","Seoul, South Korea",Global,Likely,High,Limited / role-dependent,Possible for selected specialist roles,Careers,https://www.seegene.com/career,Laboratory Informatics | LIMS | Enterprise Systems | Data & AI | Cybersecurity
199,SD Biosensor,"Diagnostics, Laboratory & Life Science Tools","Suwon, South Korea",Global,Likely,High,Limited / role-dependent,Possible for selected specialist roles,Official site,https://www.sdbiosensor.com/,Laboratory Informatics | LIMS | Enterprise Systems | Data & AI | Cybersecurity
200,Cepheid,"Diagnostics, Laboratory & Life Science Tools","Sunnyvale, USA",Global,Likely,High,Limited / role-dependent,Possible for selected specialist roles,Careers,https://jobs.danaher.com/global/en/cepheid,Laboratory Informatics | LIMS | Enterprise Systems | Data & AI | Cybersecurity
201,Beckman Coulter,"Diagnostics, Laboratory & Life Science Tools","Brea, USA",Global,Likely,High,Limited / role-dependent,Possible for selected specialist roles,Careers,https://jobs.danaher.com/global/en/beckman-coulter,Laboratory Informatics | LIMS | Enterprise Systems | Data & AI | Cybersecurity
202,Leica Biosystems,"Diagnostics, Laboratory & Life Science Tools","Nussloch, Germany",Global,Likely,High,Limited / role-dependent,Possible for selected specialist roles,Careers,https://jobs.danaher.com/global/en/leica-biosystems,Laboratory Informatics | LIMS | Enterprise Systems | Data & AI | Cybersecurity
203,Radiometer,"Diagnostics, Laboratory & Life Science Tools","Brønshøj, Denmark",Global,Likely,High,Limited / role-dependent,Possible for selected specialist roles,Careers,https://jobs.danaher.com/global/en/radiometer,Laboratory Informatics | LIMS | Enterprise Systems | Data & AI | Cybersecurity
204,Molecular Devices,"Diagnostics, Laboratory & Life Science Tools","San Jose, USA",Global,Likely,High,Limited / role-dependent,Possible for selected specialist roles,Careers,https://jobs.danaher.com/global/en/molecular-devices,Laboratory Informatics | LIMS | Enterprise Systems | Data & AI | Cybersecurity
205,IDEXX Laboratories,"Diagnostics, Laboratory & Life Science Tools","Westbrook, USA",Global,Likely,High,Limited / role-dependent,Possible for selected specialist roles,Careers,https://careers.idexx.com/,Laboratory Informatics | LIMS | Enterprise Systems | Data & AI | Cybersecurity
206,Eurofins Scientific,"Diagnostics, Laboratory & Life Science Tools",Luxembourg,Global,Likely,High,Limited / role-dependent,Possible for selected specialist roles,Careers,https://careers.eurofins.com/,Laboratory Informatics | LIMS | Enterprise Systems | Data & AI | Cybersecurity
207,Sonic Healthcare,"Diagnostics, Laboratory & Life Science Tools","Sydney, Australia",Global,Likely,High,Limited / role-dependent,Possible for selected specialist roles,Careers,https://www.sonichealthcare.com/careers/,Laboratory Informatics | LIMS | Enterprise Systems | Data & AI | Cybersecurity
208,Labcorp,"Diagnostics, Laboratory & Life Science Tools","Burlington, USA",Global,Likely,High,Limited / role-dependent,Possible for selected specialist roles,Careers,https://careers.labcorp.com/,Laboratory Informatics | LIMS | Enterprise Systems | Data & AI | Cybersecurity
209,Quest Diagnostics,"Diagnostics, Laboratory & Life Science Tools","Secaucus, USA",Global,Likely,High,Limited / role-dependent,Possible for selected specialist roles,Careers,https://careers.questdiagnostics.com/,Laboratory Informatics | LIMS | Enterprise Systems | Data & AI | Cybersecurity
210,NeoGenomics Laboratories,"Diagnostics, Laboratory & Life Science Tools","Fort Myers, USA",Global,Likely,High,Limited / role-dependent,Possible for selected specialist roles,Careers,https://careers.neogenomics.com/,Laboratory Informatics | LIMS | Enterprise Systems | Data & AI | Cybersecurity
211,Exact Sciences,"Diagnostics, Laboratory & Life Science Tools","Madison, USA",Global,Likely,High,Limited / role-dependent,Possible for selected specialist roles,Careers,https://careers.exactsciences.com/,Laboratory Informatics | LIMS | Enterprise Systems | Data & AI | Cybersecurity
212,Guardant Health,"Diagnostics, Laboratory & Life Science Tools","Palo Alto, USA",Global,Likely,High,Limited / role-dependent,Possible for selected specialist roles,Careers,https://guardanthealth.com/careers/,Laboratory Informatics | LIMS | Enterprise Systems | Data & AI | Cybersecurity
213,Natera,"Diagnostics, Laboratory & Life Science Tools","Austin, USA",Global,Likely,High,Limited / role-dependent,Possible for selected specialist roles,Careers,https://www.natera.com/company/careers/,Laboratory Informatics | LIMS | Enterprise Systems | Data & AI | Cybersecurity
214,Myriad Genetics,"Diagnostics, Laboratory & Life Science Tools","Salt Lake City, USA",Global,Likely,High,Limited / role-dependent,Possible for selected specialist roles,Careers,https://myriad.com/careers/,Laboratory Informatics | LIMS | Enterprise Systems | Data & AI | Cybersecurity
215,Foundation Medicine,"Diagnostics, Laboratory & Life Science Tools","Cambridge, USA",Global,Likely,High,Limited / role-dependent,Possible for selected specialist roles,Careers,https://careers.foundationmedicine.com/,Laboratory Informatics | LIMS | Enterprise Systems | Data & AI | Cybersecurity
216,Oxford Nanopore Technologies,"Diagnostics, Laboratory & Life Science Tools","Oxford, UK",Global,Likely,High,Limited / role-dependent,Possible for selected specialist roles,Careers,https://nanoporetech.com/careers,Laboratory Informatics | LIMS | Enterprise Systems | Data & AI | Cybersecurity
217,Pacific Biosciences,"Diagnostics, Laboratory & Life Science Tools","Menlo Park, USA",Global,Likely,High,Limited / role-dependent,Possible for selected specialist roles,Careers,https://www.pacb.com/careers/,Laboratory Informatics | LIMS | Enterprise Systems | Data & AI | Cybersecurity
218,Sartorius,"Diagnostics, Laboratory & Life Science Tools","Göttingen, Germany",Global,Likely,High,Limited / role-dependent,Possible for selected specialist roles,Careers,https://www.sartorius.com/en/company/careers,Laboratory Informatics | LIMS | Enterprise Systems | Data & AI | Cybersecurity
219,Tecan,"Diagnostics, Laboratory & Life Science Tools","Männedorf, Switzerland",Global,Likely,High,Limited / role-dependent,Possible for selected specialist roles,Careers,https://www.tecan.com/careers,Laboratory Informatics | LIMS | Enterprise Systems | Data & AI | Cybersecurity
220,Eppendorf,"Diagnostics, Laboratory & Life Science Tools","Hamburg, Germany",Global,Likely,High,Limited / role-dependent,Possible for selected specialist roles,Careers,https://www.eppendorf.com/careers/,Laboratory Informatics | LIMS | Enterprise Systems | Data & AI | Cybersecurity
221,IQVIA,"CRO, Clinical Research & Pharma Services","Durham, USA",Global,Varies,High,Often role-dependent,Possible for selected specialist roles,Careers,https://jobs.iqvia.com/,Clinical Systems | eClinical Platforms | Data Management | Enterprise Applications | Program Delivery
222,ICON plc,"CRO, Clinical Research & Pharma Services","Dublin, Ireland",Global,Varies,High,Often role-dependent,Possible for selected specialist roles,Careers,https://careers.iconplc.com/,Clinical Systems | eClinical Platforms | Data Management | Enterprise Applications | Program Delivery
223,Parexel,"CRO, Clinical Research & Pharma Services","Durham, USA",Global,Varies,High,Often role-dependent,Possible for selected specialist roles,Careers,https://jobs.parexel.com/,Clinical Systems | eClinical Platforms | Data Management | Enterprise Applications | Program Delivery
224,Syneos Health,"CRO, Clinical Research & Pharma Services","Morrisville, USA",Global,Varies,High,Often role-dependent,Possible for selected specialist roles,Careers,https://www.syneoshealth.com/careers,Clinical Systems | eClinical Platforms | Data Management | Enterprise Applications | Program Delivery
225,Fortrea,"CRO, Clinical Research & Pharma Services","Durham, USA",Global,Varies,High,Often role-dependent,Possible for selected specialist roles,Careers,https://www.fortrea.com/careers,Clinical Systems | eClinical Platforms | Data Management | Enterprise Applications | Program Delivery
226,Medpace,"CRO, Clinical Research & Pharma Services","Cincinnati, USA",Global,Varies,High,Often role-dependent,Possible for selected specialist roles,Careers,https://www.medpace.com/careers/,Clinical Systems | eClinical Platforms | Data Management | Enterprise Applications | Program Delivery
227,PPD,"CRO, Clinical Research & Pharma Services","Wilmington, USA",Global,Varies,High,Often role-dependent,Possible for selected specialist roles,Careers,https://jobs.thermofisher.com/global/en/ppd-careers,Clinical Systems | eClinical Platforms | Data Management | Enterprise Applications | Program Delivery
228,Charles River Laboratories,"CRO, Clinical Research & Pharma Services","Wilmington, USA",Global,Varies,High,Often role-dependent,Possible for selected specialist roles,Careers,https://jobs.criver.com/,Clinical Systems | eClinical Platforms | Data Management | Enterprise Applications | Program Delivery
229,WuXi AppTec,"CRO, Clinical Research & Pharma Services","Shanghai, China",Global,Varies,High,Often role-dependent,Possible for selected specialist roles,Careers,https://careers.wuxiapptec.com/,Clinical Systems | eClinical Platforms | Data Management | Enterprise Applications | Program Delivery
230,WuXi Biologics,"CRO, Clinical Research & Pharma Services","Wuxi, China",Global,Varies,High,Often role-dependent,Possible for selected specialist roles,Careers,https://www.wuxibiologics.com/careers/,Clinical Systems | eClinical Platforms | Data Management | Enterprise Applications | Program Delivery
231,Pharmaron,"CRO, Clinical Research & Pharma Services","Beijing, China",Global,Varies,High,Often role-dependent,Possible for selected specialist roles,Careers,https://www.pharmaron.com/careers/,Clinical Systems | eClinical Platforms | Data Management | Enterprise Applications | Program Delivery
232,Tigermed,"CRO, Clinical Research & Pharma Services","Hangzhou, China",Global,Varies,High,Often role-dependent,Possible for selected specialist roles,Careers,https://www.tigermedgrp.com/careers,Clinical Systems | eClinical Platforms | Data Management | Enterprise Applications | Program Delivery
233,Worldwide Clinical Trials,"CRO, Clinical Research & Pharma Services","Research Triangle Park, USA",Global,Varies,High,Often role-dependent,Possible for selected specialist roles,Careers,https://www.worldwide.com/careers/,Clinical Systems | eClinical Platforms | Data Management | Enterprise Applications | Program Delivery
234,PSI CRO,"CRO, Clinical Research & Pharma Services","Zug, Switzerland",Global,Varies,High,Often role-dependent,Possible for selected specialist roles,Careers,https://psi-cro.com/careers/,Clinical Systems | eClinical Platforms | Data Management | Enterprise Applications | Program Delivery
235,Precision for Medicine,"CRO, Clinical Research & Pharma Services","Bethesda, USA",Global,Varies,High,Often role-dependent,Possible for selected specialist roles,Careers,https://www.precisionformedicine.com/careers,Clinical Systems | eClinical Platforms | Data Management | Enterprise Applications | Program Delivery
236,Premier Research,"CRO, Clinical Research & Pharma Services","Morrisville, USA",Global,Varies,High,Often role-dependent,Possible for selected specialist roles,Careers,https://premier-research.com/careers/,Clinical Systems | eClinical Platforms | Data Management | Enterprise Applications | Program Delivery
237,Ergomed,"CRO, Clinical Research & Pharma Services","Guildford, UK",Global,Varies,High,Often role-dependent,Possible for selected specialist roles,Careers,https://www.ergomedgroup.com/careers/,Clinical Systems | eClinical Platforms | Data Management | Enterprise Applications | Program Delivery
238,Emmes,"CRO, Clinical Research & Pharma Services","Rockville, USA",Global,Varies,High,Often role-dependent,Possible for selected specialist roles,Careers,https://www.emmes.com/careers,Clinical Systems | eClinical Platforms | Data Management | Enterprise Applications | Program Delivery
239,Medidata Solutions,"CRO, Clinical Research & Pharma Services","New York, USA",Global,Varies,High,Often role-dependent,Possible for selected specialist roles,Careers,https://www.medidata.com/en/careers/,Clinical Systems | eClinical Platforms | Data Management | Enterprise Applications | Program Delivery
240,Veeva Systems,"CRO, Clinical Research & Pharma Services","Pleasanton, USA",Global,Varies,High,Often role-dependent,Possible for selected specialist roles,Careers,https://careers.veeva.com/,Clinical Systems | eClinical Platforms | Data Management | Enterprise Applications | Program Delivery
241,Clario,"CRO, Clinical Research & Pharma Services","Philadelphia, USA",Global,Varies,High,Often role-dependent,Possible for selected specialist roles,Careers,https://clario.com/careers/,Clinical Systems | eClinical Platforms | Data Management | Enterprise Applications | Program Delivery
242,Signant Health,"CRO, Clinical Research & Pharma Services","Blue Bell, USA",Global,Varies,High,Often role-dependent,Possible for selected specialist roles,Careers,https://www.signanthealth.com/careers/,Clinical Systems | eClinical Platforms | Data Management | Enterprise Applications | Program Delivery
243,Medable,"CRO, Clinical Research & Pharma Services","Palo Alto, USA",Global,Varies,High,Often role-dependent,Possible for selected specialist roles,Careers,https://www.medable.com/careers,Clinical Systems | eClinical Platforms | Data Management | Enterprise Applications | Program Delivery
244,Science 37,"CRO, Clinical Research & Pharma Services","Research Triangle Park, USA",Global,Varies,High,Often role-dependent,Possible for selected specialist roles,Careers,https://www.science37.com/careers,Clinical Systems | eClinical Platforms | Data Management | Enterprise Applications | Program Delivery
245,ClinChoice,"CRO, Clinical Research & Pharma Services","Fort Washington, USA",Global,Varies,High,Often role-dependent,Possible for selected specialist roles,Careers,https://www.clinchoice.com/careers/,Clinical Systems | eClinical Platforms | Data Management | Enterprise Applications | Program Delivery
246,CTI Clinical Trial & Consulting,"CRO, Clinical Research & Pharma Services","Covington, USA",Global,Varies,High,Often role-dependent,Possible for selected specialist roles,Careers,https://ctifacts.com/careers/,Clinical Systems | eClinical Platforms | Data Management | Enterprise Applications | Program Delivery
247,Novotech,"CRO, Clinical Research & Pharma Services","Sydney, Australia",Global,Varies,High,Often role-dependent,Possible for selected specialist roles,Careers,https://novotech-cro.com/careers,Clinical Systems | eClinical Platforms | Data Management | Enterprise Applications | Program Delivery
248,Avance Clinical,"CRO, Clinical Research & Pharma Services","Adelaide, Australia",Global,Varies,High,Often role-dependent,Possible for selected specialist roles,Careers,https://www.avancecro.com/careers/,Clinical Systems | eClinical Platforms | Data Management | Enterprise Applications | Program Delivery
249,ProPharma Group,"CRO, Clinical Research & Pharma Services","Overland Park, USA",Global,Varies,High,Often role-dependent,Possible for selected specialist roles,Careers,https://www.propharmagroup.com/careers/,Clinical Systems | eClinical Platforms | Data Management | Enterprise Applications | Program Delivery
250,Caidya,"CRO, Clinical Research & Pharma Services","Morrisville, USA",Global,Varies,High,Often role-dependent,Possible for selected specialist roles,Careers,https://www.caidya.com/careers/,Clinical Systems | eClinical Platforms | Data Management | Enterprise Applications | Program Delivery
251,Alimentiv,"CRO, Clinical Research & Pharma Services","London, Canada",Global,Varies,High,Often role-dependent,Possible for selected specialist roles,Careers,https://alimentiv.com/careers/,Clinical Systems | eClinical Platforms | Data Management | Enterprise Applications | Program Delivery
252,PHASTAR,"CRO, Clinical Research & Pharma Services","London, UK",Global,Varies,High,Often role-dependent,Possible for selected specialist roles,Careers,https://phastar.com/careers/,Clinical Systems | eClinical Platforms | Data Management | Enterprise Applications | Program Delivery
253,Quanticate,"CRO, Clinical Research & Pharma Services","Hitchin, UK",Global,Varies,High,Often role-dependent,Possible for selected specialist roles,Careers,https://www.quanticate.com/careers,Clinical Systems | eClinical Platforms | Data Management | Enterprise Applications | Program Delivery
254,Veristat,"CRO, Clinical Research & Pharma Services","Southborough, USA",Global,Varies,High,Often role-dependent,Possible for selected specialist roles,Careers,https://www.veristat.com/careers/,Clinical Systems | eClinical Platforms | Data Management | Enterprise Applications | Program Delivery
255,Allucent,"CRO, Clinical Research & Pharma Services","Cary, USA",Global,Varies,High,Often role-dependent,Possible for selected specialist roles,Careers,https://www.allucent.com/careers,Clinical Systems | eClinical Platforms | Data Management | Enterprise Applications | Program Delivery
256,Epic,Digital Health & Healthcare IT,"Verona, USA",Global,Varies,High,Often role-dependent,Possible for selected specialist roles,Careers,https://careers.epic.com/,Solutions Architecture | Health Interoperability | Cloud Platforms | Product Technology | Data Engineering
257,Oracle Health,Digital Health & Healthcare IT,"Austin, USA",Global,Varies,High,Often role-dependent,Possible for selected specialist roles,Careers,https://careers.oracle.com/,Solutions Architecture | Health Interoperability | Cloud Platforms | Product Technology | Data Engineering
258,InterSystems,Digital Health & Healthcare IT,"Cambridge, USA",Global,Varies,High,Often role-dependent,Possible for selected specialist roles,Careers,https://www.intersystems.com/careers/,Solutions Architecture | Health Interoperability | Cloud Platforms | Product Technology | Data Engineering
259,MEDITECH,Digital Health & Healthcare IT,"Canton, USA",Global,Varies,High,Often role-dependent,Possible for selected specialist roles,Careers,https://ehr.meditech.com/careers,Solutions Architecture | Health Interoperability | Cloud Platforms | Product Technology | Data Engineering
260,Dedalus,Digital Health & Healthcare IT,"Florence, Italy",Global,Varies,High,Often role-dependent,Possible for selected specialist roles,Careers,https://www.dedalus.com/global/en/careers/,Solutions Architecture | Health Interoperability | Cloud Platforms | Product Technology | Data Engineering
261,CompuGroup Medical,Digital Health & Healthcare IT,"Koblenz, Germany",Global,Varies,High,Often role-dependent,Possible for selected specialist roles,Careers,https://www.cgm.com/corp_en/career/,Solutions Architecture | Health Interoperability | Cloud Platforms | Product Technology | Data Engineering
262,athenahealth,Digital Health & Healthcare IT,"Boston, USA",Global,Varies,High,Often role-dependent,Possible for selected specialist roles,Careers,https://www.athenahealth.com/careers,Solutions Architecture | Health Interoperability | Cloud Platforms | Product Technology | Data Engineering
263,eClinicalWorks,Digital Health & Healthcare IT,"Westborough, USA",Global,Varies,High,Often role-dependent,Possible for selected specialist roles,Careers,https://www.eclinicalworks.com/careers/,Solutions Architecture | Health Interoperability | Cloud Platforms | Product Technology | Data Engineering
264,NextGen Healthcare,Digital Health & Healthcare IT,Remote / USA,Global,Varies,High,Often role-dependent,Possible for selected specialist roles,Careers,https://www.nextgen.com/company/careers,Solutions Architecture | Health Interoperability | Cloud Platforms | Product Technology | Data Engineering
265,Altera Digital Health,Digital Health & Healthcare IT,"Niagara Falls, Canada",Global,Varies,High,Often role-dependent,Possible for selected specialist roles,Careers,https://www.alterahealth.com/careers/,Solutions Architecture | Health Interoperability | Cloud Platforms | Product Technology | Data Engineering
266,Veradigm,Digital Health & Healthcare IT,"Chicago, USA",Global,Varies,High,Often role-dependent,Possible for selected specialist roles,Careers,https://veradigm.com/careers/,Solutions Architecture | Health Interoperability | Cloud Platforms | Product Technology | Data Engineering
267,R1 RCM,Digital Health & Healthcare IT,"Murray, USA",Global,Varies,High,Often role-dependent,Possible for selected specialist roles,Careers,https://careers.r1rcm.com/,Solutions Architecture | Health Interoperability | Cloud Platforms | Product Technology | Data Engineering
268,Waystar,Digital Health & Healthcare IT,"Louisville, USA",Global,Varies,High,Often role-dependent,Possible for selected specialist roles,Careers,https://www.waystar.com/careers/,Solutions Architecture | Health Interoperability | Cloud Platforms | Product Technology | Data Engineering
269,Teladoc Health,Digital Health & Healthcare IT,"Purchase, USA",Global,Varies,High,Often role-dependent,Possible for selected specialist roles,Careers,https://careers.teladochealth.com/,Solutions Architecture | Health Interoperability | Cloud Platforms | Product Technology | Data Engineering
270,Amwell,Digital Health & Healthcare IT,"Boston, USA",Global,Varies,High,Often role-dependent,Possible for selected specialist roles,Careers,https://business.amwell.com/careers/,Solutions Architecture | Health Interoperability | Cloud Platforms | Product Technology | Data Engineering
271,Doctolib,Digital Health & Healthcare IT,"Paris, France",Europe,Varies,High,Often role-dependent,Possible for selected specialist roles,Careers,https://careers.doctolib.com/,Solutions Architecture | Health Interoperability | Cloud Platforms | Product Technology | Data Engineering
272,Zocdoc,Digital Health & Healthcare IT,"New York, USA",Global,Varies,High,Often role-dependent,Possible for selected specialist roles,Careers,https://www.zocdoc.com/about/careers/,Solutions Architecture | Health Interoperability | Cloud Platforms | Product Technology | Data Engineering
273,Doximity,Digital Health & Healthcare IT,"San Francisco, USA",Global,Varies,High,Often role-dependent,Possible for selected specialist roles,Careers,https://www.doximity.com/about/careers,Solutions Architecture | Health Interoperability | Cloud Platforms | Product Technology | Data Engineering
274,Omada Health,Digital Health & Healthcare IT,"San Francisco, USA",Global,Varies,High,Often role-dependent,Possible for selected specialist roles,Careers,https://www.omadahealth.com/careers,Solutions Architecture | Health Interoperability | Cloud Platforms | Product Technology | Data Engineering
275,Hinge Health,Digital Health & Healthcare IT,"San Francisco, USA",Global,Varies,High,Often role-dependent,Possible for selected specialist roles,Careers,https://www.hingehealth.com/careers/,Solutions Architecture | Health Interoperability | Cloud Platforms | Product Technology | Data Engineering
276,Included Health,Digital Health & Healthcare IT,"San Francisco, USA",Global,Varies,High,Often role-dependent,Possible for selected specialist roles,Careers,https://includedhealth.com/careers/,Solutions Architecture | Health Interoperability | Cloud Platforms | Product Technology | Data Engineering
277,Maven Clinic,Digital Health & Healthcare IT,"New York, USA",Global,Varies,High,Often role-dependent,Possible for selected specialist roles,Careers,https://www.mavenclinic.com/careers,Solutions Architecture | Health Interoperability | Cloud Platforms | Product Technology | Data Engineering
278,Sword Health,Digital Health & Healthcare IT,"New York, USA",Global,Varies,High,Often role-dependent,Possible for selected specialist roles,Careers,https://swordhealth.com/careers,Solutions Architecture | Health Interoperability | Cloud Platforms | Product Technology | Data Engineering
279,Aidoc,Digital Health & Healthcare IT,"Tel Aviv, Israel",Global,Varies,High,Often role-dependent,Possible for selected specialist roles,Careers,https://www.aidoc.com/about/careers/,Solutions Architecture | Health Interoperability | Cloud Platforms | Product Technology | Data Engineering
280,Innovaccer,Digital Health & Healthcare IT,"San Francisco, USA",Global,Varies,High,Often role-dependent,Possible for selected specialist roles,Careers,https://innovaccer.com/careers,Solutions Architecture | Health Interoperability | Cloud Platforms | Product Technology | Data Engineering
281,EVA Pharma,"Egypt, Middle East & Africa","Giza, Egypt",Africa,Yes,High,Limited / role-dependent,Local and regional hiring,Official site,https://www.evapharma.com/,IT Leadership | ERP | Digital Transformation | Business Intelligence | Systems Integration
282,Pharco Corporation,"Egypt, Middle East & Africa","Alexandria, Egypt",Africa,Yes,High,Limited / role-dependent,Local and regional hiring,Careers,https://pharco.org/careers.aspx,IT Leadership | ERP | Digital Transformation | Business Intelligence | Systems Integration
283,EIPICO,"Egypt, Middle East & Africa","10th of Ramadan City, Egypt",Africa,Yes,High,Limited / role-dependent,Local and regional hiring,Official site,https://www.eipico.com.eg/,IT Leadership | ERP | Digital Transformation | Business Intelligence | Systems Integration
284,Rameda,"Egypt, Middle East & Africa","6th of October City, Egypt",Africa,Yes,High,Limited / role-dependent,Local and regional hiring,Official site,https://ramedapharma.com/,IT Leadership | ERP | Digital Transformation | Business Intelligence | Systems Integration
285,Minapharm Pharmaceuticals,"Egypt, Middle East & Africa","Cairo, Egypt",Africa,Yes,High,Limited / role-dependent,Local and regional hiring,Official site,https://www.minapharm.com/,IT Leadership | ERP | Digital Transformation | Business Intelligence | Systems Integration
286,Amoun Pharmaceutical,"Egypt, Middle East & Africa","Cairo, Egypt",Africa,Yes,High,Limited / role-dependent,Local and regional hiring,Official site,https://www.amoun.com/,IT Leadership | ERP | Digital Transformation | Business Intelligence | Systems Integration
287,SEDICO Pharmaceutical,"Egypt, Middle East & Africa","6th of October City, Egypt",Africa,Yes,High,Limited / role-dependent,Local and regional hiring,Official site,https://www.sedico.net/,IT Leadership | ERP | Digital Transformation | Business Intelligence | Systems Integration
288,Medical Union Pharmaceuticals,"Egypt, Middle East & Africa","Abu Sultan, Egypt",Africa,Yes,High,Limited / role-dependent,Local and regional hiring,Official site,https://www.mup.com.eg/,IT Leadership | ERP | Digital Transformation | Business Intelligence | Systems Integration
289,Apex Pharma,"Egypt, Middle East & Africa","Cairo, Egypt",Africa,Yes,High,Limited / role-dependent,Local and regional hiring,Official site,https://www.apexpharma.net/,IT Leadership | ERP | Digital Transformation | Business Intelligence | Systems Integration
290,Marcyrl Pharmaceutical Industries,"Egypt, Middle East & Africa","Cairo, Egypt",Africa,Yes,High,Limited / role-dependent,Local and regional hiring,Official site,https://www.marcyrl.com/,IT Leadership | ERP | Digital Transformation | Business Intelligence | Systems Integration
291,Mash Premiere,"Egypt, Middle East & Africa","Cairo, Egypt",Africa,Yes,High,Limited / role-dependent,Local and regional hiring,Official site,https://mashpremiere.com/,IT Leadership | ERP | Digital Transformation | Business Intelligence | Systems Integration
292,Global Napi Pharmaceuticals,"Egypt, Middle East & Africa","6th of October City, Egypt",Africa,Yes,High,Limited / role-dependent,Local and regional hiring,Official site,https://www.globalnapi.com/,IT Leadership | ERP | Digital Transformation | Business Intelligence | Systems Integration
293,Parkville Pharmaceuticals,"Egypt, Middle East & Africa","Alexandria, Egypt",Africa,Yes,High,Limited / role-dependent,Local and regional hiring,Official site,https://parkvillepharma.com/,IT Leadership | ERP | Digital Transformation | Business Intelligence | Systems Integration
294,Future Pharmaceutical Industries,"Egypt, Middle East & Africa","Badr City, Egypt",Africa,Yes,High,Limited / role-dependent,Local and regional hiring,Official site,https://future-pharma.com/,IT Leadership | ERP | Digital Transformation | Business Intelligence | Systems Integration
295,October Pharma,"Egypt, Middle East & Africa","6th of October City, Egypt",Africa,Yes,High,Limited / role-dependent,Local and regional hiring,Official site,https://octoberpharma.com/,IT Leadership | ERP | Digital Transformation | Business Intelligence | Systems Integration
296,CID,"Egypt, Middle East & Africa","Cairo, Egypt",Africa,Yes,High,Limited / role-dependent,Local and regional hiring,Official site,https://cidpharma.com/,IT Leadership | ERP | Digital Transformation | Business Intelligence | Systems Integration
297,Memphis Pharmaceuticals,"Egypt, Middle East & Africa","Cairo, Egypt",Africa,Yes,High,Limited / role-dependent,Local and regional hiring,Official site,https://www.memphis.com.eg/,IT Leadership | ERP | Digital Transformation | Business Intelligence | Systems Integration
298,Arab Drug Company,"Egypt, Middle East & Africa","Cairo, Egypt",Africa,Yes,High,Limited / role-dependent,Local and regional hiring,Official site,https://www.adco.com.eg/,IT Leadership | ERP | Digital Transformation | Business Intelligence | Systems Integration
299,Nile Company for Pharmaceuticals,"Egypt, Middle East & Africa","Cairo, Egypt",Africa,Yes,High,Limited / role-dependent,Local and regional hiring,Official site,https://www.nilepharma.com.eg/,IT Leadership | ERP | Digital Transformation | Business Intelligence | Systems Integration
300,Alexandria Company for Pharmaceuticals,"Egypt, Middle East & Africa","Alexandria, Egypt",Africa,Yes,High,Limited / role-dependent,Local and regional hiring,Official site,https://www.alexpharma.com.eg/,IT Leadership | ERP | Digital Transformation | Business Intelligence | Systems Integration
