id,name,country,region,kind,focus,url,coverage,fit,notes
1,Adecco,Global,Global,Staffing & Recruitment,"General staffing, professional recruitment",https://www.adecco.com/,Global,High,
2,ManpowerGroup,Global,Global,Staffing & Recruitment,"Technology, professional and workforce solutions",https://www.manpowergroup.com/,Global,High,
3,Randstad,Global,Global,Staffing & Recruitment,Professional staffing and talent solutions,https://www.randstad.com/,Global,Medium,
4,Hays,Global,Global,Specialist Recruitment,"Technology, finance, engineering and leadership",https://www.hays.com/,Global,High,
5,Michael Page,Global,Global,Specialist Recruitment,Professional and management recruitment,https://www.michaelpage.com/,Global,High,
6,Page Executive,Global,Global,Executive Search,Senior leadership and executive search,https://www.pageexecutive.com/,Global,High,
7,Robert Walters,Global,Global,Specialist Recruitment,Professional and executive recruitment,https://www.robertwalters.com/,Global,High,
8,Robert Half,Global,Global,Specialist Recruitment,"Technology, finance, legal and administration",https://www.roberthalf.com/,Global,High,
9,Korn Ferry,Global,Global,Executive Search & Advisory,Executive search and organizational consulting,https://www.kornferry.com/,Global,High,
10,Spencer Stuart,Global,Global,Executive Search,Board and C-suite search,https://www.spencerstuart.com/,Global,High,
11,Heidrick & Struggles,Global,Global,Executive Search,Executive and leadership advisory,https://www.heidrick.com/,Global,High,
12,Russell Reynolds Associates,Global,Global,Executive Search,Board and executive leadership,https://www.russellreynolds.com/,Global,High,
13,Egon Zehnder,Global,Global,Executive Search,Executive search and leadership advisory,https://www.egonzehnder.com/,Global,High,
14,Boyden,Global,Global,Executive Search,Executive search and interim management,https://www.boyden.com/,Global,High,
15,Odgers Berndtson,Global,Global,Executive Search,Executive recruitment and leadership services,https://www.odgersberndtson.com/,Global,High,
16,Kelly,Global,Global,Staffing & Recruitment,"Science, engineering, technology and professional staffing",https://www.kellyservices.com/,Global,High,
17,Allegis Group,Global,Global,Talent Solutions,"Staffing, consulting and workforce solutions",https://www.allegisgroup.com/,Global,Medium,
18,TEKsystems,Global,Global,Technology Recruitment,"IT staffing, services and transformation talent",https://www.teksystems.com/,Global,High,
19,Aerotek,Global,Global,Staffing & Recruitment,"Engineering, manufacturing and operations staffing",https://www.aerotek.com/,Global,Medium,
20,Aston Carter,Global,Global,Professional Staffing,"Business, finance, operations and corporate talent",https://www.astoncarter.com/,Global,Medium,
21,SThree,Global,Global,Specialist Recruitment,STEM recruitment and consulting,https://www.sthree.com/,Global,High,
22,Computer Futures,Global,Global,Technology Recruitment,"IT, software, cloud and data roles",https://www.computerfutures.com/,Global,High,
23,Progressive Recruitment,Global,Global,Specialist Recruitment,"Engineering, energy and technology",https://www.progressiverecruitment.com/,Global,High,
24,Huxley,Global,Global,Specialist Recruitment,"Banking, technology and data",https://www.huxley.com/,Global,High,
25,Real Staffing,Global,Global,Life Sciences Recruitment,"Pharma, biotech and healthcare",https://www.realstaffing.com/,Global,Medium,
26,Harvey Nash,Global,Global,Technology Recruitment,"Technology leadership, digital and IT staffing",https://www.harveynash.com/,Global,High,
27,Nash Squared,Global,Global,Technology Talent Solutions,Technology recruitment and solutions,https://www.nashsquared.com/,Global,High,
28,Akkodis,Global,Global,Technology Talent Solutions,"Digital engineering, IT and technology consulting",https://www.akkodis.com/,Global,High,
29,Experis,Global,Global,Technology Recruitment,IT professional resourcing and project services,https://www.experis.com/,Global,High,
30,Gi Group Holding,Global,Global,Staffing & Recruitment,"Staffing, search and HR services",https://www.gigroupholding.com/,Global,Medium,
31,RGF Professional Recruitment,Global,Global,Specialist Recruitment,Professional and executive recruitment,https://www.rgf-professional.com/,Global,High,
32,JAC Recruitment,Global,Global,Specialist Recruitment,Professional and international recruitment,https://www.jac-recruitment.com/,Global,High,
33,PERSOLKELLY,Asia Pacific,APAC,Staffing & Recruitment,Professional staffing across APAC,https://www.persolkelly.com/,Global,Medium,
34,Morgan McKinley,Global,Global,Specialist Recruitment,"Technology, finance and professional recruitment",https://www.morganmckinley.com/,Global,High,
35,Hudson,Global,Global,Talent Solutions,Recruitment and talent management,https://www.hudson.com/,Global,High,
36,Antal International,Global,Global,Executive Recruitment,Professional and executive recruitment,https://www.antal.com/,Global,High,
37,NES Fircroft,Global,Global,Technical Recruitment,"Energy, engineering and infrastructure",https://www.nesfircroft.com/,Global,Medium,
38,Airswift,Global,Global,Technical Recruitment,"Energy, process and infrastructure staffing",https://www.airswift.com/,Global,Medium,
39,Brunel,Global,Global,Technical Recruitment,"Engineering, energy and life sciences",https://www.brunel.net/,Global,Medium,
40,Salt,Global,Global,Digital Recruitment,"Digital, technology and creative talent",https://www.welovesalt.com/,Global,High,
41,Talent International,Global,Global,Technology Recruitment,IT and digital recruitment,https://www.talentinternational.com/,Global,High,
42,Cielo Talent,Global,Global,RPO & Talent Acquisition,Recruitment process outsourcing,https://www.cielotalent.com/,Global,High,
43,AMS,Global,Global,RPO & Talent Acquisition,Recruitment process outsourcing and advisory,https://www.weareams.com/,Global,High,
44,WilsonHCG,Global,Global,RPO & Talent Acquisition,Global talent acquisition and RPO,https://www.wilsonhcg.com/,Global,High,
45,Randstad Sourceright,Global,Global,RPO & Talent Acquisition,"RPO, MSP and talent intelligence",https://www.randstadsourceright.com/,Global,Medium,
46,LHH,Global,Global,Talent Solutions,"Recruitment, leadership and career transition",https://www.lhh.com/,Global,High,
47,Resource Solutions,Global,Global,RPO & Talent Acquisition,Embedded recruitment and workforce solutions,https://www.resourcesolutions.com/,Global,High,
48,Pontoon Solutions,Global,Global,Workforce Solutions,"MSP, RPO and contingent workforce",https://www.pontoonsolutions.com/,Global,Medium,
49,PeopleScout,Global,Global,RPO & Talent Acquisition,RPO and employer branding,https://www.peoplescout.com/,Global,Medium,
50,Insight Global,United States,Americas,Staffing & Recruitment,"Technology, engineering and professional staffing",https://insightglobal.com/,Global,High,
51,Bayt.com,Middle East,Arab Region,Job Platform,Professional jobs across MENA,https://www.bayt.com/,Arab Region,High,
52,GulfTalent,Middle East,GCC,Job Platform,Professional and management jobs in GCC,https://www.gulftalent.com/,GCC,High,
53,Naukrigulf,Middle East,GCC,Job Platform,GCC and Middle East jobs,https://www.naukrigulf.com/,GCC,Medium,
54,Foundit Gulf,Middle East,GCC,Job Platform,Gulf professional jobs,https://www.founditgulf.com/,GCC,High,
55,Laimoon,Middle East,Arab Region,Job Platform,Jobs and courses across MENA,https://laimoon.com/,Arab Region,Medium,
56,Tanqeeb,Middle East,Arab Region,Job Aggregator,Arabic regional job search,https://www.tanqeeb.com/,Arab Region,Medium,
57,Akhtaboot,Jordan / MENA,Arab Region,Job Platform,Jobs across Jordan and MENA,https://www.akhtaboot.com/,Arab Region,Medium,
58,Mihnati,Saudi Arabia,GCC,Job Platform,Saudi and Gulf jobs,https://www.mihnati.com/,GCC,Medium,
59,Drjobs,United Arab Emirates,GCC,Job Platform,Jobs across GCC and Middle East,https://drjobs.ae/,GCC,Medium,
60,Mourjan,Middle East,Arab Region,Classified Jobs Platform,Arabic classifieds and job ads,https://www.mourjan.com/,Arab Region,Medium,
61,Sabbar,Saudi Arabia,GCC,Job Platform,Saudi flexible and operational jobs,https://sabbar.com/,GCC,Medium,
62,Dubizzle Jobs,United Arab Emirates,GCC,Classified Jobs Platform,UAE jobs and classifieds,https://dubai.dubizzle.com/jobs/,GCC,Medium,
63,Gulf News Jobs,United Arab Emirates,GCC,Job Platform,UAE and Gulf vacancies,https://gulfnews.com/jobs,GCC,Medium,
64,TASC Outsourcing,United Arab Emirates,GCC,Staffing & Outsourcing,"Technology, professional staffing and outsourcing",https://tascoutsourcing.com/,GCC,High,
65,BAC Middle East,United Arab Emirates,GCC,Recruitment Agency,Professional recruitment in the Gulf,https://www.bacme.com/,GCC,High,
66,Charterhouse Middle East,United Arab Emirates,GCC,Specialist Recruitment,Professional and executive recruitment,https://www.charterhouseme.ae/,GCC,High,
67,Cooper Fitch,United Arab Emirates,GCC,Executive Search,Executive search and recruitment,https://cooperfitch.ae/,GCC,High,
68,Guildhall,United Arab Emirates,GCC,Executive Search,Executive and specialist recruitment,https://guildhall.agency/,GCC,High,
69,NADIA Global,United Arab Emirates,GCC,Recruitment & Training,Professional recruitment and HR services,https://www.nadiaglobal.com/,GCC,High,
70,Marc Ellis,United Arab Emirates,GCC,Technology Recruitment,"Technology, banking and digital recruitment",https://www.marc-ellis.com/,GCC,High,
71,Black Pearl Consult,United Arab Emirates,GCC,Recruitment Agency,Professional recruitment across MENA,https://www.blackpearlconsult.com/,GCC,High,
72,RTC-1 Employment Services,United Arab Emirates,GCC,Recruitment Agency,GCC professional recruitment,https://www.rtc-1.com/,GCC,High,
73,Inspire Selection,United Arab Emirates,GCC,Specialist Recruitment,Professional and management recruitment,https://www.inspireselection.com/,GCC,High,
74,MENA Recruit,United Arab Emirates,GCC,Specialist Recruitment,"Legal, professional and corporate recruitment",https://www.menarecruit.com/,GCC,High,
75,Mackenzie Jones,United Arab Emirates,GCC,Specialist Recruitment,Professional recruitment across Middle East,https://www.mackenziejones.com/,GCC,High,
76,Frazer Jones Middle East,United Arab Emirates,GCC,HR Recruitment,Human resources specialist recruitment,https://www.frazerjones.com/,GCC,Medium,
77,Madison Pearl,United Arab Emirates,GCC,Executive Search,Financial services and executive search,https://madisonpearl.com/,GCC,High,
78,Kingston Stanley,United Arab Emirates,GCC,Specialist Recruitment,"Digital, marketing and technology recruitment",https://www.kingstonstanley.com/,GCC,High,
79,Tiger Recruitment Dubai,United Arab Emirates,GCC,Specialist Recruitment,Business support and private staffing,https://tiger-recruitment.com/ae/,GCC,Medium,
80,Irwin & Dow,United Arab Emirates,GCC,Specialist Recruitment,Business support and professional recruitment,https://www.irwinanddow.com/,GCC,High,
81,Sundus,United Arab Emirates,GCC,Staffing & Outsourcing,"Government, energy and professional staffing",https://www.sundusglobal.com/,GCC,High,
82,Nathan & Nathan,United Arab Emirates,GCC,HR Outsourcing,"Recruitment, payroll and employer-of-record",https://nathanhr.com/,GCC,Medium,
83,Ultimate HR Solutions,United Arab Emirates,GCC,Staffing & Outsourcing,"Staffing, payroll and outsourcing",https://www.uhs.ae/,GCC,Medium,
84,Innovations Group,United Arab Emirates,GCC,Staffing & Outsourcing,Manpower and recruitment services,https://www.innovationsgroup.ae/,GCC,Medium,
85,Transguard Workforce Solutions,United Arab Emirates,GCC,Staffing & Outsourcing,Large-scale staffing and outsourcing,https://transguardgroup.com/workforce-solutions/,GCC,Medium,
86,Reach Employment Services,United Arab Emirates,GCC,Recruitment Agency,Government and private-sector recruitment,https://www.reachgroup.ae/,GCC,High,
87,Dicetek,United Arab Emirates,GCC,Technology Staffing,IT staffing and technology consulting,https://www.dicetek.net/,GCC,High,
88,Halian,Middle East,GCC,Technology Recruitment,Technology recruitment and managed services,https://www.halian.com/,GCC,High,
89,eMagine Solutions,United Arab Emirates,GCC,Technology Recruitment,Technology and digital recruitment,https://www.emagine-solutions.com/,GCC,High,
90,Discovered MENA,United Arab Emirates,GCC,Technology Recruitment,"Digital, product and technology talent",https://discovered.ae/,GCC,High,
91,Caliberly,United Arab Emirates,GCC,Recruitment Agency,Professional recruitment across UAE,https://caliberly.com/,GCC,High,
92,Reeqwest,United Arab Emirates,GCC,Recruitment Agency,Professional recruitment and job listings,https://reeqwest.com/,GCC,High,
93,Sawaeed Employment,United Arab Emirates,GCC,Manpower & Outsourcing,Staffing and workforce services,https://www.sawaeed.ae/,GCC,Medium,
94,JAMS HR Solutions,United Arab Emirates,GCC,HR Outsourcing,Recruitment and HR outsourcing,https://jamshrsolutions.com/,GCC,Medium,
95,Propel Consult,Bahrain,GCC,Recruitment Agency,"Construction, engineering and professional recruitment",https://www.propelconsult.com/,GCC,High,
96,Gulf Connexions,Bahrain,GCC,Executive Recruitment,"Banking, finance and executive recruitment",https://www.gulfconnexions.com/,GCC,High,
97,Clarendon Parker Bahrain,Bahrain,GCC,Recruitment Agency,Professional recruitment,https://clarendonparker.com/,GCC,High,
98,Jerry Varghese,India / GCC,GCC,Overseas Recruitment,"Engineering, healthcare and Gulf recruitment",https://www.jerryvarghese.com/,GCC,Medium,
99,Soundlines Group,India / GCC,GCC,Overseas Recruitment,GCC manpower and professional recruitment,https://soundlinesgroup.com/,GCC,High,
100,Dynamic Staffing Services,India / GCC,GCC,Overseas Recruitment,Engineering and Gulf recruitment,https://www.dss-hr.com/,GCC,Medium,
101,Ambe International,India / GCC,GCC,Overseas Recruitment,GCC and international manpower recruitment,https://www.ambe.com/,GCC,Medium,
102,Sundus Recruitment Qatar,Qatar,GCC,Recruitment Agency,Professional and project staffing,https://www.sundusglobal.com/,GCC,High,
103,Candidzone,Qatar,GCC,Recruitment Agency,Professional staffing in Qatar,https://www.candidzone.net/,GCC,High,
104,MSI Qatar,Qatar,GCC,Recruitment Agency,Management Solutions International recruitment,https://www.msiqatar.com/,GCC,Medium,
105,People Dynamics,Qatar,GCC,Recruitment Agency,Professional and executive recruitment,https://ppldynamics.com/,GCC,High,
106,Vistas Global,Qatar,GCC,Staffing & Outsourcing,Technology and business staffing,https://vistasglobal.com/,GCC,High,
107,Oman Agencies,Oman,GCC,Overseas Recruitment,Gulf staffing and manpower,https://www.omangencies.com/,GCC,Medium,
108,MENA HR Solutions,Oman,GCC,HR Consultancy,Recruitment and HR services,https://menahrs.com/,GCC,Medium,
109,Kuwait Resources House,Kuwait,GCC,HR Outsourcing,Recruitment and manpower services,https://www.krhkw.com/,GCC,Medium,
110,SOS HR Solutions,Kuwait,GCC,Recruitment Agency,Professional recruitment and HR solutions,https://soshrsolutions.com/,GCC,High,
111,WUZZUF,Egypt,Egypt,Job Platform,Professional and management jobs,https://wuzzuf.net/jobs/egypt,Egypt,High,
112,Forasna,Egypt,Egypt,Job Platform,"Arabic jobs, technical and operational roles",https://forasna.com/,Egypt,Medium,
113,Jobzella,Egypt,Egypt / MENA,Job Platform,Professional networking and job search,https://www.jobzella.com/,Egypt / MENA,High,
114,Tawzef,Egypt,Egypt / GCC,Recruitment & HR Consultancy,"Local, overseas and executive recruitment",https://www.tawzef.com/,Egypt / GCC,High,
115,Top Business Group,Egypt,Egypt,Recruitment & Outsourcing,Professional recruitment and outsourcing,https://www.topbusiness-hr.com/,Egypt,High,
116,Target Recruitment & HR Solutions,Egypt,Egypt,Recruitment Agency,Professional recruitment and HR services,https://targetdhr.com/,Egypt,High,
117,Staff Arabia,Egypt,Egypt / GCC,Recruitment & Outsourcing,"Professional recruitment, payroll and Gulf hiring",https://staffarabia.com/,Egypt / GCC,High,
118,EgyBell,Egypt,Egypt,Staffing & Outsourcing,"Technology, telecom and professional outsourcing",https://www.egybell.com/,Egypt,High,
119,Premier Services & Recruitment,Egypt,Egypt,Recruitment & Outsourcing,Professional staffing and outsourcing,https://premieregypt.com/,Egypt,High,
120,Recruitment House,Egypt,Egypt,Recruitment Agency,Professional and corporate recruitment,https://recruitmenthouse.com/,Egypt,High,
121,MBS HR,Egypt,Egypt / GCC,Recruitment & HR Consultancy,Professional and overseas recruitment,https://mbshr.com/,Egypt / GCC,High,
122,Job Nile,Egypt,Egypt,Job Platform,Egypt jobs and career services,https://www.jobnile.com/,Egypt,Medium,
123,Career Advancers,Egypt,Egypt,Recruitment Agency,Executive and professional recruitment,https://careeradvancers.com/,Egypt,High,
124,RAWAJ HCM,Egypt,Egypt / GCC,Recruitment & HR Consultancy,Executive search and human-capital management,https://rawaj-hcm.com/,Egypt / GCC,High,
125,Merge Recruitment Agency,Egypt,Egypt / GCC,Recruitment Agency,Local and overseas recruitment,https://mergerecruitment.com/,Egypt / GCC,Medium,
126,El Maaly Egypt,Egypt,Egypt / GCC,Overseas Recruitment,GCC and international recruitment,https://elmaalygroup.net/,Egypt / GCC,Medium,
127,ArabJobs,Egypt,Egypt / Arab Region,Job Platform,Arab regional job listings,https://www.arabjobs.com/,Egypt / Arab Region,Medium,
128,Career Hunters Egypt,Egypt,Egypt,Recruitment Agency,Professional and executive recruitment,https://careerhunterseg.com/,Egypt,High,
129,Pillars Consultancy & Recruitment,Egypt,Egypt / MENA,Executive Search,Executive and professional recruitment,https://www.pillars-eg.com/,Egypt / MENA,High,
130,Partner & More,Egypt,Egypt,Recruitment Agency,Recruitment and HR consultancy,https://partner-more.com/,Egypt,Medium,
131,Smart Group HR,Egypt,Egypt,HR Outsourcing,"Staffing, payroll and recruitment",https://smartgroup-hr.com/,Egypt,Medium,
132,EgyRec,Egypt,Egypt,Recruitment Agency,Professional recruitment,https://egyrec.com/,Egypt,High,
133,Job Master,Egypt,Egypt,Recruitment Agency,Professional recruitment services,https://jobmastergroup.com/,Egypt,High,
134,Human Capital Egypt,Egypt,Egypt,HR Consultancy,Recruitment and HR consulting,https://humancapital-eg.com/,Egypt,Medium,
135,CAP HR Solutions,Egypt,Egypt,HR Consultancy,"Recruitment, payroll and HR solutions",https://cap-hr.com/,Egypt,Medium,
136,First Egyptian Engineering Recruitment,Egypt,Egypt / GCC,Technical Recruitment,Engineering and overseas recruitment,https://www.first-egy.com/,Egypt / GCC,High,
137,Egyptrol,Egypt,Egypt / GCC,Technical Recruitment,"Oil, gas, engineering and overseas staffing",https://www.egyptrol.com/,Egypt / GCC,High,
138,Right Track Recruitment,Egypt,Egypt,Recruitment Agency,Professional recruitment and HR services,https://righttrack-eg.com/,Egypt,High,
139,Shaghalni,Egypt,Egypt,Job Platform,Blue-collar and operational job matching,https://shaghalni.com/,Egypt,Medium,
140,Jobiano,Egypt,Egypt,Job Platform,Egypt job listings,https://jobiano.com/,Egypt,Medium,
141,AfricaWork,Pan-Africa,Africa,Recruitment Platform,Recruitment and CV databases across African countries,https://www.africawork.com/,Africa,High,
142,ExecAfrica Recruitment,Kenya,East Africa,Recruitment Agency,"Executive, professional and bulk recruitment",https://www.execafrica.com/,East Africa,High,
143,Michael Page Africa,Africa,Africa,Specialist Recruitment,Professional and executive recruitment,https://www.michaelpageafrica.com/,Africa,High,
144,Robert Walters Africa,Africa,Africa,Specialist Recruitment,Professional and executive recruitment,https://www.robertwaltersafrica.com/,Africa,High,
145,CA Global,South Africa,Africa,Executive Search,"Mining, finance, technology and Africa recruitment",https://www.caglobalint.com/,Africa,High,
146,Adcorp,South Africa,Southern Africa,Workforce Solutions,"Staffing, outsourcing and workforce services",https://www.adcorpgroup.com/,Southern Africa,Medium,
147,Afrizan People Intelligence,South Africa,Southern Africa,Recruitment Agency,Professional and specialist recruitment,https://www.afrizan.co.za/,Southern Africa,High,
148,Network Recruitment,South Africa,Southern Africa,Specialist Recruitment,"IT, finance and engineering recruitment",https://www.networkrecruitment.co.za/,Southern Africa,High,
149,Communicate Recruitment,South Africa,Southern Africa,Specialist Recruitment,"IT, finance and engineering",https://www.communicate.co.za/,Southern Africa,High,
150,Hire Resolve,South Africa,Africa,Recruitment Agency,"Engineering, finance, IT and healthcare recruitment",https://www.hireresolve.co.za/,Africa,High,
151,RPO Recruitment,South Africa,Africa,Recruitment Agency,Professional and technical recruitment,https://www.rporecruitment.co.za/,Africa,High,
152,Mass Staffing Projects,South Africa,Africa,Recruitment Agency,"Engineering, mining, healthcare and finance",https://www.massstaffingprojects.co.za/,Africa,Medium,
153,Datafin,South Africa,Southern Africa,Technology Recruitment,"IT, software and data recruitment",https://www.datafin.com/,Southern Africa,High,
154,E-Merge IT Recruitment,South Africa,Southern Africa,Technology Recruitment,Software and technology recruitment,https://www.e-merge.co.za/,Southern Africa,High,
155,SET Recruitment Consultants,South Africa,Southern Africa,Recruitment Agency,Professional and executive recruitment,https://www.set.co.za/,Southern Africa,High,
156,Pollock & Associates,South Africa,Southern Africa,Executive Recruitment,Executive and specialist recruitment,https://www.pollock.co.za/,Southern Africa,High,
157,Measured Ability Group,South Africa,Southern Africa,Staffing & Recruitment,Professional staffing and labour services,https://www.measuredability.com/,Southern Africa,High,
158,Greys Recruitment,South Africa,Southern Africa,Recruitment Agency,Permanent and temporary staffing,https://www.greys.co.za/,Southern Africa,Medium,
159,Kontak Recruitment,South Africa,Southern Africa,Recruitment Agency,Professional recruitment across sectors,https://www.kontak.co.za/,Southern Africa,High,
160,The Recruitment People,South Africa,Southern Africa,Recruitment Agency,"Finance, sales, IT and corporate recruitment",https://www.trpeople.co.za/,Southern Africa,High,
161,ProTalent,South Africa,Southern Africa,Recruitment Agency,Professional and specialist recruitment,https://www.protalent.co.za/,Southern Africa,High,
162,Executive Placements,South Africa,Southern Africa,Job Platform,Executive and professional jobs,https://www.executiveplacements.com/,Southern Africa,High,
163,PNet,South Africa,Southern Africa,Job Platform,Professional jobs in South Africa,https://www.pnet.co.za/,Southern Africa,High,
164,Careers24,South Africa,Southern Africa,Job Platform,South African job marketplace,https://www.careers24.com/,Southern Africa,Medium,
165,Jobberman Nigeria,Nigeria,West Africa,Job Platform,Nigeria jobs and recruitment services,https://www.jobberman.com/,West Africa,High,
166,Jobberman Ghana,Ghana,West Africa,Job Platform,Ghana jobs and recruitment services,https://www.jobberman.com.gh/,West Africa,High,
167,BrighterMonday Kenya,Kenya,East Africa,Job Platform,Kenya jobs and recruitment services,https://www.brightermonday.co.ke/,East Africa,High,
168,BrighterMonday Uganda,Uganda,East Africa,Job Platform,Uganda jobs and recruitment services,https://www.brightermonday.co.ug/,East Africa,High,
169,Fuzu,Kenya / Africa,East Africa,Job Platform,"Jobs, career development and talent matching",https://www.fuzu.com/,East Africa,Medium,
170,MyJobMag,Africa,Africa,Job Platform,Jobs across multiple African countries,https://www.myjobmag.com/,Africa,Medium,
171,JobWeb Africa,Africa,Africa,Job Platform,Jobs across African countries,https://jobwebafrica.com/,Africa,Medium,
172,Job in Rwanda,Rwanda,East Africa,Job Platform,Rwanda job marketplace,https://www.jobinrwanda.com/,East Africa,Medium,
173,Ethiojobs,Ethiopia,East Africa,Job Platform,Ethiopia jobs and recruitment,https://www.ethiojobs.net/,East Africa,High,
174,Dereja,Ethiopia,East Africa,Graduate Job Platform,Graduate and professional opportunities,https://www.dereja.com/,East Africa,High,
175,GeezJobs,Ethiopia,East Africa,Job Platform,Ethiopia job listings,https://geezjobs.com/,East Africa,Medium,
176,Corporate Staffing Services,Kenya,East Africa,Recruitment Agency,Professional and executive recruitment,https://www.corporatestaffing.co.ke/,East Africa,High,
177,Summit Recruitment & Search,Kenya,East Africa,Recruitment Agency,Executive and professional recruitment,https://www.summitrecruitment-search.com/,East Africa,High,
178,Flexi Personnel,Kenya,East Africa,Staffing & Recruitment,Professional staffing and outsourcing,https://www.flexi-personnel.com/,East Africa,High,
179,Manpower Services Kenya,Kenya,East Africa,Recruitment Agency,Professional and technical recruitment,https://www.manpowerservicesgroup.com/,East Africa,High,
180,Recours Four Kenya,Kenya,East Africa,Recruitment Agency,Professional recruitment and HR advisory,https://www.recoursfourkenya.com/,East Africa,High,
181,Crystal Recruitment,Kenya,East Africa,Recruitment Agency,Professional recruitment,https://crystalrecruitment.co.ke/,East Africa,High,
182,Sheer Logic Management,Kenya,East Africa,HR Consultancy,Recruitment and HR consulting,https://sheerlogic.co.ke/,East Africa,High,
183,Gap Recruitment Services,Kenya,East Africa,Recruitment Agency,Professional and executive recruitment,https://www.gaprecruitment.co.ke/,East Africa,High,
184,Frank Management Consult,Kenya,East Africa,Recruitment Agency,Executive and professional recruitment,https://frankmconsult.com/,East Africa,High,
185,NFT Consult,Uganda,East Africa,HR Consultancy,Recruitment and HR outsourcing,https://nftconsult.com/,East Africa,High,
186,Q-Sourcing Servtec,Uganda,East Africa,Staffing & Outsourcing,"Manpower, recruitment and outsourcing",https://www.qsourcing.com/,East Africa,High,
187,Future Options Consulting,Uganda,East Africa,Recruitment Agency,Professional recruitment and HR consulting,https://futureoptions.org/,East Africa,High,
188,Great Uganda Jobs,Uganda,East Africa,Job Platform,Uganda job listings,https://www.greatugandajobs.com/,East Africa,Medium,
189,Radar Recruitment,Tanzania,East Africa,Recruitment Agency,Professional recruitment in Tanzania,https://radarrecruitment.com/,East Africa,High,
190,CVPeople Tanzania,Tanzania,East Africa,Recruitment Agency,Recruitment and CV services,https://cvpeopleafrica.com/,East Africa,High,
191,Empower Tanzania,Tanzania,East Africa,HR Consultancy,Recruitment and HR services,https://empower.co.tz/,East Africa,High,
192,ZoomTanzania Jobs,Tanzania,East Africa,Job Platform,Tanzania job listings,https://www.zoomtanzania.net/jobs/,East Africa,Medium,
193,Emploi Dakar,Senegal,West Africa,Job Platform,Senegal jobs and career services,https://www.emploidakar.com/,West Africa,Medium,
194,Senjob,Senegal,West Africa,Job Platform,Senegal job listings,https://senjob.com/,West Africa,Medium,
195,ReKrute,Morocco,North Africa,Job Platform,Morocco professional jobs,https://www.rekrute.com/,North Africa,High,
196,Emploi.ma,Morocco,North Africa,Job Platform,Morocco jobs and recruitment,https://www.emploi.ma/,North Africa,High,
197,AmalJob,Morocco,North Africa,Job Platform,Morocco job listings,https://www.amaljob.com/,North Africa,Medium,
198,Keejob,Tunisia,North Africa,Job Platform,Tunisia jobs and recruitment,https://www.keejob.com/,North Africa,High,
199,Tanitjobs,Tunisia,North Africa,Job Platform,Tunisia job listings,https://www.tanitjobs.com/,North Africa,Medium,
200,Emploitunisie,Tunisia,North Africa,Job Platform,Tunisia employment listings,https://www.emploitunisie.com/,North Africa,Medium,
